	full_name	role	gender	aspt_member	percentage_female
1	NELSON	Chair	NA	0	NA
2	JESSE ADAMS	Mem Comm	male	1	0.227272727272727
3	SMITH ALBERT	Chair	NA	0	NA
4	MAC ALFORD	Cooley	male	1	0
5	MAC ALFORD	Environ & Pub Policy Comm	male	1	0
6	MAC ALFORD	Environ & Pub Policy Comm Chair	male	1	0
7	MAC ALFORD	SBM Managing Editor	male	1	0
8	LAWRENCE ALICE	SB Assoc Editor	male	1	0.4
9	CHRISTIANE ANDERSON	ASPT NL Comm	female	1	0.25
10	CHRISTIANE ANDERSON	ASPT Publications Comm (ad hoc)	female	1	0.25
11	CHRISTIANE ANDERSON	Nominations Comm Chair	female	1	0.25
12	CHRISTIANE ANDERSON	Past President	female	1	0.25
13	CHRISTIANE ANDERSON	President	female	1	0.25
14	CHRISTIANE ANDERSON	SB Ex Officio	female	1	0.25
15	CHRISTIANE ANDERSON	SBM EIC	female	1	0.25
16	CHRISTIANE ANDERSON	SBM EIC (outgoing)	female	1	0.25
17	CHRISTIANE ANDERSON	SBM Issues Comm (ad hoc)	female	1	0.25
18	GREGORY ANDERSON	Cooley	male	1	0.2
19	GREGORY ANDERSON	President-Elect	male	1	0.2
20	GREGORY ANDERSON	Nominations Comm Chair	male	1	0.2
21	GREGORY ANDERSON	Past President	male	1	0.2
22	ANDERSON	Treasurer	NA	0	NA
23	WILLIAM ANDERSON	Asa Gray	male	0	NA
24	WILLIAM ANDERSON	Cooley	male	0	NA
25	PAIS ANDREW	Environ & Pub Policy Comm	NA	0	NA
26	ARGUS	Finance Officer	NA	0	NA
27	CRONQUIST ARTHUR	Chair	NA	0	NA
28	TINA AYERS	Nominations Comm	female	1	0.538461538461538
29	TINA AYERS	SBM Assoc Editor	female	1	0.538461538461538
30	BRUCE BALDWIN	Asa Gray	male	1	0.310344827586207
31	BRUCE BALDWIN	Asa Gray	NA	1	0.310344827586207
32	BRUCE BALDWIN	Cooley	male	1	0.310344827586207
33	BRUCE BALDWIN	Cooley	NA	1	0.310344827586207
34	BRUCE BALDWIN	Council Member	male	1	0.310344827586207
35	BRUCE BALDWIN	Council Member	NA	1	0.310344827586207
36	BRUCE BALDWIN	Nominations Comm	male	1	0.310344827586207
37	BRUCE BALDWIN	Nominations Comm	NA	1	0.310344827586207
38	BRUCE BALDWIN	Nominations Comm Chair	male	1	0.310344827586207
39	BRUCE BALDWIN	Nominations Comm Chair	NA	1	0.310344827586207
40	BRUCE BALDWIN	Past President	male	1	0.310344827586207
41	BRUCE BALDWIN	Past President	NA	1	0.310344827586207
42	BRUCE BALDWIN	President	male	1	0.310344827586207
43	BRUCE BALDWIN	President	NA	1	0.310344827586207
44	BRUCE BALDWIN	President Elect	male	1	0.310344827586207
45	BRUCE BALDWIN	President Elect	NA	1	0.310344827586207
46	BRUCE BALDWIN	SBM Assoc Editor	male	1	0.310344827586207
47	BRUCE BALDWIN	SBM Assoc Editor	NA	1	0.310344827586207
48	HARVEY BALLARD	Program Director	male	0	NA
49	HARVEY BALLARD, J	Environ & Pub Policy Comm	NA	0	NA
50	HARVEY BALLARD, J	Environ & Pub Policy Comm Chair	NA	0	NA
51	HARVEY BALLARD, J	Program Director	NA	0	NA
52	JANET BARBER	Nominations Comm	female	1	0.571428571428571
53	BARKLEY	Council Member	NA	0	NA
54	MARY BARKWORTH	Council Member	female	1	0.346153846153846
55	MARY BARKWORTH	Nominations Comm	female	1	0.346153846153846
56	MARY BARKWORTH	Syst Collections Comm	female	1	0.346153846153846
57	RUPERT BARNEBY	Asa Gray	male	0	NA
58	CRAIG BARRETT	Cooley	male	1	0.125
59	CRAIG BARRETT	Promotional Materials Comm	male	1	0.125
60	FRED BARRIE	SB Nomenclature Editor	male	1	0.117647058823529
61	FRED BARRIE	SBM Assoc Editor	male	1	0.117647058823529
62	DAVID BARRINGTON	SBM Assoc Editor	male	1	0.368421052631579
63	DAVID BAUM	Awards Comm	male	1	0.176470588235294
64	JOHN BEAMAN	Asa Gray	male	1	0.142857142857143
65	JOHN BEAMAN	Finance Officer	male	1	0.142857142857143
66	JAMES BECK	Awards Comm	male	1	0.25
67	RITCHIE BELL	Council Member	NA	0	NA
68	RITCHIE BELL	Past President	NA	0	NA
69	CHARLES BELL	Awards Comm	male	1	0
70	CHARLES BELL	Local Rep	male	1	0
71	CHARLES BELL	SB Associate Editor	male	1	0
72	LYMAN BENSON	Council Member	NA	0	NA
73	PAUL BERRY	Council Member	male	1	0.344827586206897
74	PAUL BERRY	Local Rep (Madison)	male	1	0.344827586206897
75	PAUL BERRY	Nominations Comm	male	1	0.344827586206897
76	PAUL BERRY	Nominations Comm Chair	male	1	0.344827586206897
77	PAUL BERRY	Past President	male	1	0.344827586206897
78	PAUL BERRY	President	male	1	0.344827586206897
79	PAUL BERRY	President-Elect	male	1	0.344827586206897
80	PAUL BERRY	SBM Assoc Editor	male	1	0.344827586206897
81	ROXANNE BITTMAN	Environ & Pub Policy Comm	NA	0	NA
82	ROXANNE BITTMAN	Environ & Pub Policy Comm Chair	NA	0	NA
83	SYDNEY BLAKE	Council Member	NA	0	NA
84	LYNN BOHS	ASPT Publications Comm (ad hoc)	female	1	0.424242424242424
85	LYNN BOHS	Awards Comm	female	1	0.424242424242424
86	LYNN BOHS	Awards Comm Chair	female	1	0.424242424242424
87	LYNN BOHS	Council Member	female	1	0.424242424242424
88	LYNN BOHS	Local Rep (Snowbird)	female	1	0.424242424242424
89	LYNN BOHS	Nominations Comm	female	1	0.424242424242424
90	LYNN BOHS	SB Assoc Editor	female	1	0.424242424242424
91	LYNN BOHS	SBM Assoc Editor	female	1	0.424242424242424
92	LYNN BOHS	SBM Issues Comm (ad hoc)	female	1	0.424242424242424
93	BRIAN BOOM	Nominations Comm	male	0	NA
94	ALLAN BORNSTEIN	SB Assoc Editor	male	1	0.25
95	DAVID BOUFFORD	SBM Assoc Editor	male	1	0.216216216216216
96	STEVE BOYD	Syst Collections Comm	male	0	NA
97	GREGORY BROWN	Treasurer	male	1	0.142857142857143
98	GREGORY BROWN	Council Member	male	1	0.142857142857143
99	GREGORY BROWN	Nominations Comm	male	1	0.142857142857143
100	GREGORY BROWN	SBM Assoc Editor	male	1	0.142857142857143
101	LEO BRUEDERLE	Awards Comm	male	1	0.413793103448276
102	LEO BRUEDERLE	Communications Comm	male	1	0.413793103448276
103	LEO BRUEDERLE	Promotional Materials Comm	male	1	0.413793103448276
104	LEO BRUEDERLE	Promotional Materials Comm Chair	male	1	0.413793103448276
105	ANNE BRUNEAU	Cooley	female	1	0.5
106	ANNE BRUNEAU	Council Member	female	1	0.5
107	ANNE BRUNEAU	SB Assoc Editor	female	1	0.5
108	SVEN BUERKI	SB Assoc Editor	male	1	0.351351351351351
109	JANELLE BURKE	AIBS Rep	female	1	0.666666666666667
110	JANELLE BURKE	Environ & Pub Policy Comm	female	1	0.666666666666667
111	JANELLE BURKE	NSCA Rep	female	1	0.666666666666667
112	JANELLE BURKE	Syst Collections Comm	female	1	0.666666666666667
113	CHARLES BUTTERWORTH	Environ & Pub Policy Comm	NA	0	NA
114	CHARLES BUTTERWORTH	Environ & Pub Policy Comm Chair	NA	0	NA
115	KEN CAMERON	Cooley	NA	0	NA
116	KEN CAMERON	Raven	NA	0	NA
117	KENNETH CAMERON	Awards Comm	male	1	0.181818181818182
118	KENNETH CAMERON	Council Member	male	1	0.181818181818182
119	KENNETH CAMERON	Nominations Comm	male	1	0.181818181818182
120	KENNETH CAMERON	Promotional Materials Comm	male	1	0.181818181818182
121	KENNETH CAMERON	SB Assoc Editor	male	1	0.181818181818182
122	WALTER CAMP	Council Member	NA	0	NA
123	JASON CANTLEY	Pub Relations Comm	male	1	0.5
124	SHERWIN CARLQUIST	Asa Gray	male	1	0
125	FREDERICK CASE	Raven	NA	0	NA
126	NICO CELLINESE	Awards Comm	male	1	0.172413793103448
127	KENTON CHAMBERS	Cooley	male	1	0.230769230769231
128	KENTON CHAMBERS	Program Director	male	1	0.230769230769231
129	CHARLES HEISER	Treasurer	male	0	NA
130	MARK CHASE	Cooley	male	1	0.225
131	MARK CHASE	Nominations Comm	male	1	0.225
132	ANITA CHOLEWA	NSCA Rep	female	0	NA
133	ANITA CHOLEWA	SB Assoc Editor	female	0	NA
134	ANITA CHOLEWA	Syst Collections Comm	female	0	NA
135	ANITA CHOLEWA	Syst Collections Comm Chair	female	0	NA
136	JOHN CLARK	Awards Comm	male	1	0
137	JOHN CLARK	Awards Comm	male	1	0
138	JOHN CLARK	Awards Comm Chair	male	1	0
139	JOHN CLARK	Awards Comm Chair	male	1	0
140	JOHN CLARK	Council Member	male	1	0
141	JOHN CLARK	Council Member	male	1	0
142	JOHN CLARK	Mem Comm	male	1	0
143	JOHN CLARK	Mem Comm	male	1	0
144	JOHN CLARK	Mem Comm (ad hoc)	male	1	0
145	JOHN CLARK	Mem Comm (ad hoc)	male	1	0
146	JOHN CLARK	SBM Assoc Editor	male	1	0
147	JOHN CLARK	SBM Assoc Editor	male	1	0
148	LYNN CLARK	Finance Officer	female	1	0.5
149	LYNN CLARK	Raven	female	1	0.5
150	LYNN CLARK	Program Director (co-director)	female	1	0.5
151	LYNN CLARK	ASPT NL Comm	female	1	0.5
152	LYNN CLARK	Mem Comm	female	1	0.5
153	LYNN CLARK	Mem Comm (ad hoc)	female	1	0.5
154	LYNN CLARK	Mem Comm Chair (ad hoc)	female	1	0.5
155	LYNN CLARK	Nominations Comm Chair	female	1	0.5
156	LYNN CLARK	Past President	female	1	0.5
157	LYNN CLARK	President	female	1	0.5
158	LYNN CLARK	President Elect	female	1	0.5
159	LYNN CLARK	Secretary	female	1	0.5
160	WENDY CLEMENT	Awards Comm	female	1	0.5
161	WENDY CLEMENT	Communications Comm	female	1	0.5
162	WENDY CLEMENT	Secretary	female	1	0.5
163	JAMES COHEN	Communications Comm	male	1	0.333333333333333
164	JAMES COHEN	Mem Comm	male	1	0.333333333333333
165	JAMES COHEN	Mem Comm Chair	male	1	0.333333333333333
166	JAMES COHEN	Syst Collections Comm (student)	male	1	0.333333333333333
167	LINCOLN CONSTANCE	Asa Gray	male	0	NA
168	LINCOLN CONSTANCE	Council Member	male	0	NA
169	LINCOLN CONSTANCE	Secretary	male	0	NA
170	LINCOLN CONSTANCE	Treasurer	male	0	NA
171	THOMAS COUVREUR	Webster	male	1	0
172	THOMAS COUVREUR	SB Assoc Editor	male	1	0
173	RICHARD COWAN	Council Member	male	0	NA
174	DANIEL CRAWFORD	Asa Gray	male	1	0.210526315789474
175	ARTHUR CRONQUIST	Asa Gray	male	0	NA
176	ARTHUR CRONQUIST	Council Member	male	0	NA
177	THOMAS DANIEL	Finance Comm	male	1	0
178	THOMAS DANIEL	Nominations Comm Chair	male	1	0
179	THOMAS DANIEL	Past President	male	1	0
180	THOMAS DANIEL	President	male	1	0
181	THOMAS DANIEL	President Elect	male	1	0
182	DAVENPORT	SB Book Review Editor	NA	0	NA
183	PATRICIA DAVILA	Council Member	female	0	NA
184	JERROLD DAVIS	SB Assoc Editor	male	1	0.0952380952380952
185	JERROLD DAVIS	SBM Assoc Editor	male	1	0.0952380952380952
186	ELLEN DEAN	Syst Collections Comm	female	1	0.538461538461538
187	AMY DENTON	SB Assoc Editor	NA	0	NA
188	DENTON	Secretary	NA	0	NA
189	MELINDA DENTON	Cooley	female	0	NA
190	MELANIE DEVORE	Environ & Pub Policy Comm	female	1	0.352941176470588
191	MELANIE DEVORE	Promotional Materials Comm	female	1	0.352941176470588
192	MELANIE DEVORE	Promotional Materials Comm Chair	female	1	0.352941176470588
193	MAURICIO DIAZGRANADOS	Cooley	male	0	NA
194	MICHAEL DILLON	Local Rep  (Chicago)	NA	0	NA
195	MICHAEL DONOGHUE	Asa Gray	male	1	0.157894736842105
196	MICHAEL DONOGHUE	Cooley	male	1	0.157894736842105
197	LAURENCE DORR	AIBS Rep	male	1	0.326530612244898
198	ANDREW DOUGLAS	Cooley	male	0	NA
199	JEFF DOYLE	Cooley	male	1	0.291666666666667
200	JEFF DOYLE	President	male	1	0.291666666666667
201	JEFFREY DOYLE	Publications Comm	NA	0	NA
202	JEFFREY DOYLE	Website Comm	NA	0	NA
203	JEFFREY DOYLE	President	NA	0	NA
204	JEFFREY DOYLE	President-Elect	NA	0	NA
205	SHERFF EARL	Chair	NA	0	NA
206	ERIKA EDWARDS	Local Rep (Providence)	female	0	NA
207	ASHLEY EGAN	AAAS Rep	female	1	0.1
208	ASHLEY EGAN	Environ & Pub Policy Comm	female	1	0.1
209	ASHLEY EGAN	Environ & Pub Policy Comm Chair	female	1	0.1
210	ELIAS	President	NA	0	NA
211	WAYNE ELISENS	Cooley	male	1	0.391304347826087
212	WAYNE ELISENS	Finance Officer	male	1	0.391304347826087
213	WAYNE ELISENS	Awards Comm	male	1	0.391304347826087
214	WAYNE ELISENS	Council Member	male	1	0.391304347826087
215	WAYNE ELISENS	Nominations Comm	male	1	0.391304347826087
216	WAYNE ELISENS	NSCA Rep	male	1	0.391304347826087
217	WAYNE ELISENS	SBM Assoc Editor	male	1	0.391304347826087
218	WAYNE ELISENS	Syst Collections Comm	male	1	0.391304347826087
219	WAYNE ELISENS	Syst Collections Comm Chair	male	1	0.391304347826087
220	LORENA ENDARA	Communications Comm	female	1	0.428571428571429
221	LORENA ENDARA	Syst Collections Comm	female	1	0.428571428571429
222	LORENA ENDARA	Syst Collections Comm Chair	female	1	0.428571428571429
223	BARBARA ERTTER	Nominations Comm	female	1	0.294117647058824
224	HARDY ESHBAUGH	Raven	NA	1	NA
225	ESTES	Past President	NA	0	NA
226	RODGER EVANS	SB Assoc Editor	male	0	NA
227	TIMOTHY EVANS	SB Associate Editor	male	1	0.32258064516129
228	TIMOTHY EVANS	Environ & Pub Policy Comm	male	1	0.32258064516129
229	TIMOTHY EVANS	Environ & Pub Policy Comm Chair	male	1	0.32258064516129
230	ROBERT FADEN	AIBS Rep	male	0	NA
231	DIANNE FAHSELT	Cooley	NA	0	NA
232	AMY FAIVRE	Environ & Pub Policy Comm	female	1	0.666666666666667
233	SUSAN FARMER	Promotional Materials Comm	female	0	NA
234	MIN FENG	SB Assoc Editor	male	1	0.0909090909090909
235	CAROLYN FERGUSON	Council Member	female	1	0.526315789473684
236	CAROLYN FERGUSON	Nominations Comm	female	1	0.526315789473684
237	CAROLYN FERGUSON	NSCA Rep	female	1	0.526315789473684
238	CAROLYN FERGUSON	SB Assoc Editor	female	1	0.526315789473684
239	CAROLYN FERGUSON	Syst Collections Comm Chair	female	1	0.526315789473684
240	MARK FISHBEIN	ASPT NL Comm	male	1	0.333333333333333
241	MARK FISHBEIN	Awards Comm	male	1	0.333333333333333
242	MARK FISHBEIN	Awards Comm Chair	male	1	0.333333333333333
243	MARK FISHBEIN	Council Member	male	1	0.333333333333333
244	MARK FISHBEIN	Secretary	male	1	0.333333333333333
245	AMANDA FISHER	Website Comm	female	1	0.56
246	RYAN FOLK	Cooley	male	1	0.25
247	JAVIER FRANCISCO-ORTEGA	Awards Comm	male	1	0.181818181818182
248	JAVIER FRANCISCO-ORTEGA	Awards Comm Chair	male	1	0.181818181818182
249	JAVIER FRANCISCO-ORTEGA	Council Member	male	1	0.181818181818182
250	JAVIER FRANCISCO-ORTEGA	Nominations Comm	male	1	0.181818181818182
251	JAVIER FRANCISCO-ORTEGA	SB Assoc Editor	male	1	0.181818181818182
252	SUSANA FREIRE	SB Assoc Editor	female	1	0.545454545454545
253	ALINA FREIRE-FIERRO	Communications Comm	female	1	1
254	ALINA FREIRE-FIERRO	Pub Relations Comm	female	1	1
255	ALINA FREIRE-FIERRO	Pub Relations Comm Chair	female	1	1
256	JOHN FREUDENSTEIN	Local Rep (Columbus)	male	1	0
257	JOHN FREUDENSTEIN	SB Assoc Editor	male	1	0
258	JOHN FREUDENSTEIN	SBM Assoc Editor	male	1	0
259	JOHN FREUDENSTEIN	Syst Collections Comm	male	1	0
260	PETER FRITSCH	Environ & Pub Policy Comm	male	1	0
261	PETER FRITSCH	Environ & Pub Policy Comm Chair	male	1	0
262	PETER FRITSCH	Local Rep	male	1	0
263	PETER FRITSCH	SBM Assoc Editor	male	1	0
264	VICKI FUNK	President	female	1	0.384615384615385
265	VICKI FUNK	AAAS Rep	female	1	0.384615384615385
266	VICKI FUNK	Nominations Comm Chair	female	1	0.384615384615385
267	VICKI FUNK	Past President	female	1	0.384615384615385
268	VICKI FUNK	President-Elect	female	1	0.384615384615385
269	KANCHI GANDHI	SB Nomenclature Editor	NA	1	0.19047619047619
270	ROBERT GARDNER	Cooley	NA	0	NA
271	BHARATHAN GEETA	Nominations Comm	NA	0	NA
272	GEETA	Environ & Pub Policy Comm	NA	0	NA
273	CHRISSEN GEMMILL	SB Assoc Editor	NA	1	0.28
274	DAVID GIANNASI	SB EIC	male	0	NA
275	DAVID GIANNASI	SBM Assoc Editor	male	0	NA
276	EMILY GILLESPIE	Mem Comm (ad hoc)	female	1	1
277	THOMAS GIVNISH	Finance Comm	male	0	NA
278	HENRY GLEASON	Council Member	male	0	NA
279	HENRY GLEASON	President	male	0	NA
280	ROBERT GODFREY	Council Member	NA	0	NA
281	LESLIE GOERTZEN	SB Assoc Editor	female	1	0.181818181818182
282	NANCY GOOD	SB Copy Editor	NA	0	NA
283	ALAN GRAHAM	Asa Gray	male	1	0.5
284	SEAN GRAHAM	Local Rep (Vancouver)	male	1	0.385964912280702
285	SHIRLEY GRAHAM	Finance Comm	female	1	0.333333333333333
286	SHIRLEY GRAHAM	Nominations Comm Chair	female	1	0.333333333333333
287	SHIRLEY GRAHAM	Past President	female	1	0.333333333333333
288	SHIRLEY GRAHAM	President	female	1	0.333333333333333
289	SHIRLEY GRAHAM	President Elect	female	1	0.333333333333333
290	SHIRLEY GRAHAM	SBM Assoc Editor	female	1	0.333333333333333
291	MICHAEL GRUENSTAEUDL	Environ & Pub Policy Comm	NA	0	NA
292	AMANDA GRUSZ	Mem Comm	female	0	NA
293	AMANDA GRUSZ	Mem Comm (ad hoc)	female	0	NA
294	GERALD GUALA	Website Comm	male	1	0
295	GERALD GUALA	Website Comm Chair	male	1	0
296	JOCELYN HALL	Awards Comm, Grants Sub Comm Chair	female	1	0.526315789473684
297	JOCELYN HALL	Council Member	female	1	0.526315789473684
298	JOCELYN HALL	Local Rep	female	1	0.526315789473684
299	JOCELYN HALL	Nominations Comm	female	1	0.526315789473684
300	JOCELYN HALL	SB Assoc Editor	female	1	0.526315789473684
301	JOHN HALLER	Cooley	NA	0	NA
302	DANICA HARBAUGH	Cooley	NA	0	NA
303	RICHARD HARRIS	Raven	male	1	0
304	RONALD HARTMAN	Council Member	male	1	0.15
305	KRISTEN HASENSTAB-LEHMAN	Webster	NA	0	NA
306	CHRIS HAUFLER	President	NA	0	NA
307	CHRISTOPHER HAUFLER	Promotional Materials Comm	male	1	0.25
308	WARREN HAUK	SB Book Review Editor	male	1	0
309	ANGELA HAWKINS	Communications Comm	female	1	1
310	ANGELA HAWKINS	Promotional Materials Comm	female	1	1
311	ANGELA HAWKINS	Promotional Materials Comm Chair	female	1	1
312	CHARLES HEISER	Asa Gray	male	0	NA
313	CHARLES HEISER	President	male	0	NA
314	CHARLES HEISER	Raven	male	0	NA
315	PATRICK HERENDEEN	Program Director	male	1	0.454545454545455
316	PATRICK HERENDEEN	Publications Comm	male	1	0.454545454545455
317	PATRICK HERENDEEN	Website Comm	male	1	0.454545454545455
318	PATRICK HERENDEEN	ASPT NL Comm	male	1	0.454545454545455
319	PATRICK HERENDEEN	ASPT Publications Comm Chair (ad hoc)	male	1	0.454545454545455
320	PATRICK HERENDEEN	ASPT SBM Search Comm (ad hoc)	male	1	0.454545454545455
321	PATRICK HERENDEEN	Communications Comm	male	1	0.454545454545455
322	PATRICK HERENDEEN	Finance Comm	male	1	0.454545454545455
323	PATRICK HERENDEEN	Nominations Comm Chair	male	1	0.454545454545455
324	PATRICK HERENDEEN	NSCA Rep	male	1	0.454545454545455
325	PATRICK HERENDEEN	Past President	male	1	0.454545454545455
326	PATRICK HERENDEEN	President	male	1	0.454545454545455
327	PATRICK HERENDEEN	President-Elect	male	1	0.454545454545455
328	PATRICK HERENDEEN	SB EIC	male	1	0.454545454545455
329	PATRICK HERENDEEN	SB EIC (outgoing)	male	1	0.454545454545455
330	PATRICK HERENDEEN	SB Managing Editor	male	1	0.454545454545455
331	PATRICK HERENDEEN	SBM Assoc Editor	male	1	0.454545454545455
332	PATRICK HERENDEEN	SBM Issues Comm Chair (ad hoc)	male	1	0.454545454545455
333	PATRICK HERENDEEN	Syst Collections Comm Chair	male	1	0.454545454545455
334	STEVEN HILL	Syst Collections Comm	male	1	0.357142857142857
335	KHIDIR HILU	Promotional Materials Comm	NA	0	NA
336	KHIDIR HILU	Promotional Materials Comm Chair	NA	0	NA
337	ANDREW HIPP	SB Assoc Editor	male	1	0.111111111111111
338	ANDREW HIPP	SB Managing Editor	male	1	0.111111111111111
339	ANDREW HIPP	SB Managing Editor outgoing	male	1	0.111111111111111
340	ANDREW HIPP	Website Comm	male	1	0.111111111111111
341	LEO HITCHCOCK	Council Member	NA	0	NA
342	PETER HOCH	Awards Comm	male	1	0.25
343	PETER HOCH	Finance Comm	male	1	0.25
344	PETER HOCH	Local Rep (St. Louis)	male	1	0.25
345	PETER HOCH	SBM Assoc Editor	male	1	0.25
346	NOEL HOLMGREN	Asa Gray	male	1	0.291666666666667
347	PATRICIA HOLMGREN	Asa Gray	female	1	0.333333333333333
348	PATRICIA HOLMGREN	Council Member	female	1	0.333333333333333
349	KENT HOLSINGER	AIBS Rep	male	1	0.311111111111111
350	KENT HOLSINGER	Environ & Pub Policy Comm	male	1	0.311111111111111
351	KENT HOLSINGER	SBM Assoc Editor	male	1	0.311111111111111
352	BRUCE HOLST	SBM Assoc Editor	male	1	0.375
353	SARA HOOT	SB Assoc Editor	female	1	0.4
354	RICHARD HOWARD	Cooley	NA	0	NA
355	DIANELLA HOWARTH	Awards Comm Chair, Grants Sub Comm Chair	NA	1	0.321428571428571
356	DIANELLA HOWARTH	Awards Comm, Honors Sub Comm Chair	NA	1	0.321428571428571
357	DIANELLA HOWARTH	Communications Comm	NA	1	0.321428571428571
358	DIANELLA HOWARTH	Council Member	NA	1	0.321428571428571
359	LARRY HUFFORD	Awards Comm	male	1	0.258064516129032
360	LARRY HUFFORD	Awards Comm Chair	male	1	0.258064516129032
361	LARRY HUFFORD	Council Member	male	1	0.258064516129032
362	LARRY HUFFORD	Nominations Comm	male	1	0.258064516129032
363	STEFANIE ICKERT-BOND	Council Member	female	1	0.454545454545455
364	STEFANIE ICKERT-BOND	Finance Comm	female	1	0.454545454545455
365	STEFANIE ICKERT-BOND	Promotional Materials Comm	female	1	0.454545454545455
366	STEFANIE ICKERT-BOND	Promotional Materials Comm Chair	female	1	0.454545454545455
367	STEFANIE ICKERT-BOND	Treasurer	female	1	0.454545454545455
368	STEFFI ICKERT-BOND	Council Member	NA	0	NA
369	HUGH ILTIS	Asa Gray	male	0	NA
370	HOWARD IRWIN	Council Member	NA	0	NA
371	RACHEL SCHMIDT JABAILY	Communications Comm	NA	0	NA
372	RACHEL SCHMIDT JABAILY	Pub Relations Comm (ad hoc)	NA	0	NA
373	RACHEL SCHMIDT JABAILY	Pub Relations Comm Chair	NA	0	NA
374	RACHEL SCHMIDT JABAILY	Pub Relations Comm, (ad hoc) social media	NA	0	NA
375	LAWRENCE JANEWAY	Local Rep (Chico)	male	1	0.333333333333333
376	ROBERT JANSEN	Council Member	male	1	0.136363636363636
377	ROBERT JANSEN	Local Rep (Austin)	male	1	0.136363636363636
378	ALEJANDRA JARAMILLO	Awards Comm	NA	0	NA
379	RICHARD JENSEN	Past President	NA	0	NA
380	RICHARD JENSEN	Awards Comm	NA	0	NA
381	RICHARD JENSEN	Awards Comm Chair	NA	0	NA
382	RICHARD JENSEN	Council Member	NA	0	NA
383	RICHARD JENSEN	Nominations Comm	NA	0	NA
384	RICHARD JENSEN	Nominations Comm Chair	NA	0	NA
385	RICHARD JENSEN	President	NA	0	NA
386	RICHARD JENSEN	President-Elect	NA	0	NA
387	RICHARD JENSEN	SB Assoc Editor	NA	0	NA
388	WENCHI JIN	Promotional Materials Comm (student)	NA	0	NA
389	DAVID JOHNSON	Secretary	male	1	0
390	DAVID JOHNSON	ASPT NL Comm	male	1	0
391	DAVID JOHNSON	ASPT Publications Comm (ad hoc)	male	1	0
392	DAVID JOHNSON	Communications Comm	male	1	0
393	DAVID JOHNSON	Grady L. Webster Award Comm	male	1	0
394	DAVID JOHNSON	Publications Comm	male	1	0
395	DAVID JOHNSON	SB Ed Comm	male	1	0
396	DAVID JOHNSON	SB Editor Ex Officio	male	1	0
397	DAVID JOHNSON	SBM Assoc Editor	male	1	0
398	DAVID JOHNSON	SBM EIC	male	1	0
399	DAVID JOHNSON	SBM EIC outgoing	male	1	0
400	LEIGH JOHNSON	Promotional Materials Comm	female	1	0.457142857142857
401	LEIGH JOHNSON	Promotional Materials Comm Chair	female	1	0.457142857142857
402	LEIGH JOHNSON	SB Managing Editor	female	1	0.457142857142857
403	INGRID JORDON-THADEN	Communications Comm	female	1	0.307692307692308
404	INGRID JORDON-THADEN	Environ & Pub Policy Comm	female	1	0.307692307692308
405	INGRID JORDON-THADEN	Environ & Pub Policy Comm Chair	female	1	0.307692307692308
406	WALTER JUDD	Asa Gray	male	1	0.323529411764706
407	WALTER JUDD	Webster	male	1	0.323529411764706
408	WALTER JUDD	Nominations Comm Chair	male	1	0.323529411764706
409	WALTER JUDD	Past President	male	1	0.323529411764706
410	WALTER JUDD	President	male	1	0.323529411764706
411	WALTER JUDD	President Elect	male	1	0.323529411764706
412	JACQUES KAGAIN	Cooley	NA	0	NA
413	JAMES KANE	Cooley	NA	0	NA
414	LILIANA KATINAS	SB Assoc Editor	female	1	0.473684210526316
415	DAVID KECK	Council Member	NA	0	NA
416	STERLING KEELEY	Program Director	male	1	0.391304347826087
417	STERLING KEELEY	Nominations Comm	male	1	0.391304347826087
418	CARRIE KEIL	Promotional Materials Comm	NA	0	NA
419	CARRIE KEIL	Syst Collections Comm	NA	0	NA
420	DAVID KEIL	Communications Comm	male	1	0.222222222222222
421	DAVID KEIL	Nominations Comm	male	1	0.222222222222222
422	DAVID KEIL	Publications Comm	male	1	0.222222222222222
423	DAVID KEIL	SB Assoc Editor	male	1	0.222222222222222
424	DAVID KEIL	SBM EIC	male	1	0.222222222222222
425	DAVID KEIL	SBM EIC incoming	male	1	0.222222222222222
426	ELIZABETH KELLOGG	AAAS Rep	female	1	1
427	ELIZABETH KELLOGG	Awards Comm	female	1	1
428	ELIZABETH KELLOGG	Awards Comm Chair	female	1	1
429	ELIZABETH KELLOGG	Council Member	female	1	1
430	ELIZABETH KELLOGG	Nominations Comm Chair	female	1	1
431	ELIZABETH KELLOGG	Past President	female	1	1
432	ELIZABETH KELLOGG	President	female	1	1
433	ELIZABETH KELLOGG	President Elect	female	1	1
434	ELIZABETH KELLOGG	Cooley	female	1	1
435	LARRY KELLY	Cooley	NA	0	NA
436	SUSAN KEPHART	Promotional Materials Comm	female	1	0.583333333333333
437	CARRIE KIEL	Cooley	female	1	1
438	CARRIE KIEL	Syst Collecitons Comm	female	1	1
439	SEUNG-CHUL KIM	Nominations Comm	NA	1	0
440	BENTE KLITGAARD	SB Assoc Editor	NA	0	NA
441	SANDRA KNAPP	ASPT SBM Search Comm (ad hoc)	female	1	1
442	SANDRA KNAPP	Raven	female	1	1
443	BRIAN KNAUS	Cooley	male	1	0
444	ERIC KNOX	Cooley	male	1	0.222222222222222
445	RICARDO KRIEBEL	Cooley	male	1	0
446	ALEXANDER KRINGS	Awards Comm	male	1	0.166666666666667
447	ALEXANDER KRINGS	Communications Comm	male	1	0.166666666666667
448	ALEXANDER KRINGS	Environ & Pub Policy Comm	male	1	0.166666666666667
449	ALEXANDER KRINGS	NSCA Rep	male	1	0.166666666666667
450	ALEXANDER KRINGS	SHC Rep	male	1	0.166666666666667
451	ALEXANDER KRINGS	Syst Collections Comm	male	1	0.166666666666667
452	ALEXANDER KRINGS	Syst Collections Comm Chair	male	1	0.166666666666667
453	ALEXANDER KRINGS	Website Advisory Comm Chair (ad hoc)	male	1	0.166666666666667
454	ALEXANDER KRINGS	Website Comm	male	1	0.166666666666667
455	ALEXANDER KRINGS	Website Comm Chair	male	1	0.166666666666667
456	KATHLEEN KRON	Awards Comm	female	1	0.642857142857143
457	KATHLEEN KRON	Awards Comm (senior ad hoc) for lifetime achievement awards	female	1	0.642857142857143
458	KATHLEEN KRON	Awards Comm Chair	female	1	0.642857142857143
459	KATHLEEN KRON	Council Member	female	1	0.642857142857143
460	KATHLEEN KRON	Mem Comm Chair	female	1	0.642857142857143
461	KATHLEEN KRON	Mem Comm Chair (ad hoc)	female	1	0.642857142857143
462	KATHLEEN KRON	Nominations Comm	female	1	0.642857142857143
463	KATHLEEN KRON	SB Assoc Editor	female	1	0.642857142857143
464	KATHLEEN KRON	SBM Assoc Editor	female	1	0.642857142857143
465	SHAWN KROSKICK	Council Member	NA	0	NA
466	SHAWN KROSNICK	Communications Comm	male	1	0
467	SHAWN KROSNICK	Council Member	male	1	0
468	SHAWN KROSNICK	Promotional Materials Comm	male	1	0
469	SHAWN KROSNICK	Promotional Materials Comm Chair	male	1	0
470	ARTHUR KRUCKEBERG	Raven	NA	0	NA
471	JOHN LA DUKE	Promotional Materials Comm	NA	0	NA
472	JOHN LA DUKE	Website Comm	NA	0	NA
473	WALTER LACK	Raven	male	1	0
474	SARINA LAMBERT	SB Copy Editor	NA	0	NA
475	THOMAS LAMMERS	SB Assoc Editor	male	0	NA
476	JACOB LANDIS	Website Comm	male	1	0.666666666666667
477	MEREDITH LANE	Cooley	female	1	0.2
478	MEREDITH LANE	Secretary	female	1	0.2
479	MEREDITH LANE	Website Comm	female	1	0.2
480	MATT LAVIN	Awards Comm	male	1	0.242424242424242
481	MATT LAVIN	Cooley	male	1	0.242424242424242
482	MATT LAVIN	SB Assoc Editor	male	1	0.242424242424242
483	BEN LEGLER	Website Comm	NA	0	NA
484	BLANCA LEON	SBM Assoc Editor	female	1	0.333333333333333
485	DONALD LES	SB Assoc Editor	male	1	0.423076923076923
486	DONALD LES	SBM Assoc Editor	male	1	0.423076923076923
487	GEOFFREY LEVIN	Awards Comm	male	1	0.222222222222222
488	GEOFFREY LEVIN	Nominations Comm	male	1	0.222222222222222
489	RACHEL LEVIN	SB Assoc Editor	female	1	0.304347826086957
490	WATSON LINDA	Treasurer	NA	0	NA
491	RANDAL LINDER	Cooley	NA	0	NA
492	MELANIE LINK-PEREZ	Local Rep	NA	1	NA
493	BARNEY LIPSCOMB	Raven	NA	0	NA
494	RICHARD LIS	AAAS Rep	male	1	0
495	AARON LISTON	Council Member	male	1	0.305555555555556
496	AARON LISTON	SB Assoc Editor	male	1	0.305555555555556
497	AARON LISTON	Syst Collections Comm	male	1	0.305555555555556
498	AARON LISTON	Syst Collections Comm Chair	male	1	0.305555555555556
499	AARON LISTON	Website Comm	male	1	0.305555555555556
500	TATIANA LIVSHULTZ	NSCA Rep	NA	0	NA
501	TATYANA LIVSHULTZ	Environ & Pub Policy Comm	female	1	0.454545454545455
502	TATYANA LIVSHULTZ	Syst Collections Comm	female	1	0.454545454545455
503	TATYANA LIVSHULTZ	Syst Collections Comm Chair	female	1	0.454545454545455
504	LUCIA LOHMAN	Cooley	NA	0	NA
505	LUCIA LOHMANN	SB Assoc Editor	female	1	0.666666666666667
506	BAYARD LONG	Treasurer	NA	0	NA
507	TIM LOWREY	Council Member	male	0	NA
508	TIMOTHY LOWREY	Awards Comm (ad hoc)	male	1	0.277777777777778
509	TIMOTHY LOWREY	Local Rep (Albuquerque)	male	1	0.277777777777778
510	TIMOTHY LOWREY	Nominations Comm	male	1	0.277777777777778
511	TIMOTHY LOWREY	Promotional Materials Comm	male	1	0.277777777777778
512	TIMOTHY LOWREY	Syst Collections Comm	male	1	0.277777777777778
513	TIMOTHY LOWREY	Syst Collections Comm Chair	male	1	0.277777777777778
514	MELISSA LUCKOW	ASPT Publications Comm (ad hoc)	female	1	0.4
515	MELISSA LUCKOW	Awards Comm	female	1	0.4
516	MELISSA LUCKOW	Awards Comm Chair, Grants Sub Comm Chair	female	1	0.4
517	MELISSA LUCKOW	Awards Comm, Honors Sub Comm Chair	female	1	0.4
518	MELISSA LUCKOW	Communications Comm	female	1	0.4
519	MELISSA LUCKOW	Council Member	female	1	0.4
520	MELISSA LUCKOW	Nominations Comm	female	1	0.4
521	MELISSA LUCKOW	SBM Assoc Editor	female	1	0.4
522	MELISSA LUCKOW	SBM Issues Comm (ad hoc)	female	1	0.4
523	MELISSA LUCKOW	Treasurer	female	1	0.4
524	JAMES LUTEYN	Nominations Comm	male	0	NA
525	JIM LUTEYN	Council Member	NA	0	NA
526	FRANCOIS LUTZONI	Cooley	NA	0	NA
527	DAVID MABBERLY	Raven	NA	0	NA
528	JAMES MACKLIN	Environ & Pub Policy Comm	male	0	NA
529	JAMES MACKLIN	NSCA Rep	male	0	NA
530	JAMES MACKLIN	Syst Collections Comm	male	0	NA
531	JAMES MACKLIN	Syst Collections Comm Chair	male	0	NA
532	SUSANA MAGALLON	Council Member	female	1	0.4
533	SUSANA MAGALLON	Nominations Comm	female	1	0.4
534	LUCAS MAJURE	Syst Collections Comm	male	1	0.130434782608696
535	STEVE MANCHESTER	Awards Comm	NA	0	NA
536	JAMES MANHART	SB Assoc Editor	male	0	NA
537	PAUL MANOS	Cooley	male	1	0.363636363636364
538	PAUL MANOS	Council Member	male	1	0.363636363636364
539	PAUL MANOS	Awards Comm	male	1	0.363636363636364
540	PAUL MANOS	Awards Comm Chair	male	1	0.363636363636364
541	PAUL MANOS	Nominations Comm	male	1	0.363636363636364
542	PAUL MANOS	SB Assoc Editor	male	1	0.363636363636364
543	CHRIS MARTINE	Cooley	NA	0	NA
544	CHRIS MARTINE	Council Member	NA	0	NA
545	CHRISTOPHER MARTINE	Council Member	male	1	0.307692307692308
546	CHRISTOPHER MARTINE	Pub Relations Comm	male	1	0.307692307692308
547	AUSTIN MAST	Treasurer	male	1	0.357142857142857
548	AUSTIN MAST	Finance Comm	male	1	0.357142857142857
549	AUSTIN MAST	Pub Relations Comm Chair (ad hoc)	male	1	0.357142857142857
550	AUSTIN MAST	SB Assoc Editor	male	1	0.357142857142857
551	AUSTIN MAST	Website Advisory Comm (ad hoc)	male	1	0.357142857142857
552	MILDRED MATHIAS	Council Member	NA	0	NA
553	WILLIAM RALPH MAXON	Council Member	NA	0	NA
554	MARK MAYFIELD	Communications Comm	male	1	0
555	MARK MAYFIELD	Website Comm Chair and Webmaster	male	1	0
556	LUCINDA MCDADE	ASPT Publications Comm (ad hoc)	female	1	0.488372093023256
557	LUCINDA MCDADE	Council Member	female	1	0.488372093023256
558	LUCINDA MCDADE	Finance  Comm	female	1	0.488372093023256
559	LUCINDA MCDADE	Nominations Comm	female	1	0.488372093023256
560	LUCINDA MCDADE	Nominations Comm Chair	female	1	0.488372093023256
561	LUCINDA MCDADE	Past President	female	1	0.488372093023256
562	LUCINDA MCDADE	President	female	1	0.488372093023256
563	LUCINDA MCDADE	Publications Comm	female	1	0.488372093023256
564	LUCINDA MCDADE	SBM Assoc Editor	female	1	0.488372093023256
565	LUCINDA MCDADE	SBM Issues Comm (ad hoc)	female	1	0.488372093023256
566	ANGELA MCDONNELL	Pub Relations Comm (student)	female	1	0.142857142857143
567	GORDON MCPHERSON	SBM Assoc Editor	male	1	0.230769230769231
568	ROGERS MCVAUGH	Asa Gray	male	0	NA
569	ROGERS MCVAUGH	Council Member	male	0	NA
570	ALAN MEEROW	Raven	male	1	0.336538461538462
571	ALAN MEEROW	Promotional Materials Comm	male	1	0.336538461538462
572	ALAN MEEROW	Promotional Materials Comm Chair	male	1	0.336538461538462
573	ALAN MEEROW	SB Assoc Editor	male	1	0.336538461538462
574	HEIDI MEUDT	Awards Comm	female	1	0.333333333333333
575	STEPHEN MEYERS	Cooley	male	0	NA
576	FABIAN MICHELANGELI	Awards Comm	male	1	0.647058823529412
577	FABIAN MICHELANGELI	Finance Comm	male	1	0.647058823529412
578	FABIAN MICHELANGELI	Nominations Comm	male	1	0.647058823529412
579	JOHN MICKEL	Cooley	male	1	0.153846153846154
580	JOHN MICKEL	Raven	male	1	0.153846153846154
581	ALLISON MILLER	Council Member	NA	0	NA
582	JULIAN MILLER	Cooley	NA	0	NA
583	NORTON MILLER	SBM Assoc Editor	NA	0	NA
584	THOMAS MIONE	Environ & Pub Policy Comm Chair	male	0	NA
585	MICHAEL MOODY	Awards Comm	male	1	0.25
586	MICHAEL MOODY	Awards Comm	NA	1	0.25
587	MICHAEL MOORE	Pub Relations Comm (ad hoc)	male	1	0.125
588	MICHAEL MOORE	Pub Relations Comm Chair (ad hoc)	male	1	0.125
589	MICHAEL MOORE	SB Associate Editor	male	1	0.125
590	MICHAEL MOORE	Website Advisory Comm (ad hoc)	male	1	0.125
591	MICHAEL MOORE	Website Comm	male	1	0.125
592	MICHAEL MOORE	SB Managing Editor	male	1	0.125
593	ROBBIN MORAN	Raven	female	1	0.475
594	ROBBIN MORAN	Raven	NA	1	0.475
595	CLIFFORD MORDEN	Mem Comm	male	1	0.515151515151515
596	DAVID MORGAN	SB Assoc Editor	male	1	0.5
597	SCOTT MORI	Asa Gray	male	1	0.333333333333333
598	NANCY MORIN	Council Member	female	1	0.625
599	ASHELY MORRIS	SB Assoc Editor	NA	0	NA
600	MARK EUGENE MORT	Awards Comm	NA	0	NA
601	MARK EUGENE MORT	Website Comm	NA	0	NA
602	GREGORY MUELLER	NSCA Rep	male	1	0.285714285714286
603	GREGORY MUELLER	Syst Collections Comm	male	1	0.285714285714286
604	GREGORY MUELLER	Syst Collections Comm Chair	male	1	0.285714285714286
605	PHILIP MUNZ	President	male	0	NA
606	NANCY MURRAY	SBM Assoc Editor	female	1	0.416666666666667
607	ZACK MURRELL	Syst Collections Comm	male	0	NA
608	ROBERT NACZI	Council Member	male	1	0.268292682926829
609	ROBERT NACZI	Awards Comm Chair	male	1	0.268292682926829
610	ROBERT NACZI	Communications Comm	male	1	0.268292682926829
611	ROBERT NACZI	SBM Assoc Editor	male	1	0.268292682926829
612	ROBERT NACZI	Syst Collections Comm	male	1	0.268292682926829
613	ROBERT NACZI	Syst Collections Comm Chair	male	1	0.268292682926829
614	MOLLY NEPOKROEFF	Council Member	female	1	0.647058823529412
615	MOLLY NEPOKROEFF	Mem Comm (ad hoc)	female	1	0.647058823529412
616	MOLLY NEPOKROEFF	Mem Comm Chair (ad hoc)	female	1	0.647058823529412
617	MOLLY NEPOKROEFF	Nominations Comm	female	1	0.647058823529412
618	MOLLY NEPOKROEFF	SB Assoc Editor	female	1	0.647058823529412
619	NEVLING	President	NA	0	NA
620	LORIN NEVLING	Cooley	NA	0	NA
621	LORIN NEVLING	Secretary	NA	0	NA
622	DAN NICOLSON	Finance Comm	male	0	NA
623	RICHARD OLMSTEAD	Nominations Comm	male	1	0.24
624	RICHARD OLMSTEAD	Nominations Comm Chair	male	1	0.24
625	RICHARD OLMSTEAD	Past President	male	1	0.24
626	RICHARD OLMSTEAD	President	male	1	0.24
627	RICHARD OLMSTEAD	President Elect	male	1	0.24
628	ROBERT ORNDUFF	Cooley	male	0	NA
629	JOSE PANERO	SBM Assoc Editor	male	1	0.416666666666667
630	HOLMGREN PATRICIA	Treasurer	NA	0	NA
631	WILLARD PAYNE	Cooley	NA	0	NA
632	WILLARD PAYNE	President-Elect	NA	0	NA
633	CHRIS PIRES	Awards Comm	male	1	0.666666666666667
634	CHRIS PIRES	Awards Comm	NA	1	0.666666666666667
635	CHRIS PIRES	Nominations Comm	male	1	0.666666666666667
636	CHRIS PIRES	Nominations Comm	NA	1	0.666666666666667
637	GREGORY PLUNKETT	Council Member	male	1	0.2
638	GREGORY PLUNKETT	SB Assoc Editor	male	1	0.2
639	RICHARD POHL	Council Member	male	0	NA
640	DAN PORTER	Council Member	NA	0	NA
641	MARK PORTER	Cooley	male	1	0.157894736842105
642	DANIEL POTTER	ASPT Publications Comm (ad hoc)	male	1	0.3
643	DANIEL POTTER	Publications Comm	male	1	0.3
644	DANIEL POTTER	SB Assoc Editor	male	1	0.3
645	DANIEL POTTER	SB Managing Editor	male	1	0.3
646	DANIEL POTTER	SB Managing Editor incoming	male	1	0.3
647	IAN PRANCE	Asa Gray	NA	0	NA
648	ALAN PRATHER	ASPT NL Comm	male	1	0
649	ALAN PRATHER	ASPT NL Comm	NA	1	0
650	ALAN PRATHER	NSCA Rep	male	1	0
651	ALAN PRATHER	NSCA Rep	NA	1	0
652	ALAN PRATHER	Promotional Materials Comm	male	1	0
653	ALAN PRATHER	Promotional Materials Comm	NA	1	0
654	ALAN PRATHER	Promotional Materials Comm Chair	male	1	0
655	ALAN PRATHER	Promotional Materials Comm Chair	NA	1	0
656	ALAN PRATHER	SBM Assoc Editor	male	1	0
657	ALAN PRATHER	SBM Assoc Editor	NA	1	0
658	ALAN PRATHER	Secretary	male	1	0
659	ALAN PRATHER	Secretary	NA	1	0
660	ALAN PRATHER	Syst Collections Comm Chair	male	1	0
661	ALAN PRATHER	Syst Collections Comm Chair	NA	1	0
662	KATHLEEN PRYER	Council Member	female	1	0.2
663	KATHLEEN PRYER	Council Member	NA	1	0.2
664	KATHLEEN PRYER	Website Advisory Comm (ad hoc)	female	1	0.2
665	KATHLEEN PRYER	Website Advisory Comm (ad hoc)	NA	1	0.2
666	KATHLEEN PRYER	Awards Comm	female	1	0.2
667	KATHLEEN PRYER	Awards Comm	NA	1	0.2
668	KATHLEEN PRYER	Awards Comm Chair	female	1	0.2
669	KATHLEEN PRYER	Awards Comm Chair	NA	1	0.2
670	KATHLEEN PRYER	Grady L. Webster Award Comm  Chair	female	1	0.2
671	KATHLEEN PRYER	Grady L. Webster Award Comm  Chair	NA	1	0.2
672	KATHLEEN PRYER	Nominations Comm Chair	female	1	0.2
673	KATHLEEN PRYER	Nominations Comm Chair	NA	1	0.2
674	KATHLEEN PRYER	Past President	female	1	0.2
675	KATHLEEN PRYER	Past President	NA	1	0.2
676	KATHLEEN PRYER	President	female	1	0.2
677	KATHLEEN PRYER	President	NA	1	0.2
678	KATHLEEN PRYER	President Elect	female	1	0.2
679	KATHLEEN PRYER	President Elect	NA	1	0.2
680	KATHLEEN PRYER	Website Comm	female	1	0.2
681	KATHLEEN PRYER	Website Comm	NA	1	0.2
682	YIN-LONG QIU	Promotional Materials Comm	NA	1	0.181818181818182
683	YIN-LONG QIU	Promotional Materials Comm Chair	NA	1	0.181818181818182
684	RICHARD RABELER	Environ & Pub Policy Comm	male	1	0.1
685	RICHARD RABELER	Environ & Pub Policy Comm	NA	1	0.1
686	RICHARD RABELER	SPNHC Rep	male	1	0.1
687	RICHARD RABELER	SPNHC Rep	NA	1	0.1
688	RICHARD RABELER	Syst Collections Comm	male	1	0.1
689	RICHARD RABELER	Syst Collections Comm	NA	1	0.1
690	TOM RANKER	ASPT NL Comm	male	1	0.547169811320755
691	TOM RANKER	ASPT Publications Comm (ad hoc)	male	1	0.547169811320755
692	TOM RANKER	Communications Comm	male	1	0.547169811320755
693	TOM RANKER	Environ & Pub Policy Comm	male	1	0.547169811320755
694	TOM RANKER	Nominations Comm Chair	male	1	0.547169811320755
695	TOM RANKER	Past President	male	1	0.547169811320755
696	TOM RANKER	President	male	1	0.547169811320755
697	TOM RANKER	President-Elect	male	1	0.547169811320755
698	TOM RANKER	Publications Comm	male	1	0.547169811320755
699	TOM RANKER	SB Assoc Editor	male	1	0.547169811320755
700	TOM RANKER	SB EIC	male	1	0.547169811320755
701	TOM RANKER	SB EIC incoming	male	1	0.547169811320755
702	TOM RANKER	SBM Assoc Editor	male	1	0.547169811320755
703	TOM RANKER	SBM Issues Comm (ad hoc)	male	1	0.547169811320755
704	TOM RANKER	Website Comm	male	1	0.547169811320755
705	PETER RAVEN	Asa Gray	male	1	0.4
706	PETER RAVEN	Raven	male	1	0.4
707	ANGELA REIN MCDONNELL	Pub Relations Comm (student)	NA	0	NA
708	JEFF RETTIG	SB Assoc Editor	NA	0	NA
709	ANTON (TONY) REZNICEK	Nominations Comm	NA	0	NA
710	ANTON (TONY) REZNICEK	SBM Assoc Editor	NA	0	NA
711	LOREN RIESEBERG	Cooley	male	0	NA
712	RECARDA RIINA	SB Assoc Editor	NA	0	NA
713	ERIC ROALSON	Website Advisory Comm (ad hoc)	male	1	0.324675324675325
714	ERIC ROALSON	ASPT NL EIC	male	1	0.324675324675325
715	ERIC ROALSON	ASPT Publications Comm (ad hoc)	male	1	0.324675324675325
716	ERIC ROALSON	SBM Issues Comm (ad hoc)	male	1	0.324675324675325
717	ERIC ROALSON	Website Comm	male	1	0.324675324675325
718	ERIC ROALSON	Website Comm Chair	male	1	0.324675324675325
719	ROLAND ROBERTS	SB Assoc Editor	male	0	NA
720	KENNETH ROBERTSON	ASPT NL EIC	male	1	0.333333333333333
721	HAROLD ROBINSON	Asa Gray	male	1	0.333333333333333
722	REED ROLLINS	Asa Gray	male	0	NA
723	CARL ROTHFELS	Awards Comm	male	1	0.571428571428571
724	JERZY RZEDOWSKI	Asa Gray	female	1	0.375
725	JEFF SAARELA	SB Assoc Editor	male	1	0
726	SHAYLA SALZMAN	Webster	female	0	NA
727	AMANDA SAVILLE	Syst Collections Comm (student)	female	1	0.5
728	JOHN SCHENK	Communications Comm	male	1	0.222222222222222
729	JOHN SCHENK	Mem Comm	male	1	0.222222222222222
730	JOHN SCHENK	Mem Comm Chair	male	1	0.222222222222222
731	EDWARD SCHILLING	Environ & Pub Policy Comm	male	1	0.176470588235294
732	ERIC SCHUETTPELZ	BioOne Rep	male	1	0.292682926829268
733	ERIC SCHUETTPELZ	Finance Comm	male	1	0.292682926829268
734	ERIC SCHUETTPELZ	Website Advisory Comm (ad hoc)	male	1	0.292682926829268
735	ERIC SCHUETTPELZ	Website Comm	male	1	0.292682926829268
736	ANDREA SCHWARZBACH	Promotional Materials Comm	female	0	NA
737	ANDREA SCHWARZBACH	Promotional Materials Comm Chair	female	0	NA
738	ANDREA SCHWARZBACH	SB Assoc Editor	female	0	NA
739	ANDREA SCHWARZBACH	Website Comm	female	0	NA
740	RAINER SCORA	Cooley	NA	0	NA
741	EMILY SESSA	Communications Comm, Communications Coordinator	female	1	0.428571428571429
742	EMILY SESSA	Website Comm	female	1	0.428571428571429
743	AARON SHARP	Council Member	NA	0	NA
744	JOEY SHAW	Awards Comm	male	1	0.3
745	EARL SHERFF	Council Member	NA	0	NA
746	MARK SIMMONS	Pub Relations Comm (ad hoc)	male	1	0.2
747	MARK SIMMONS	Pub Relations Comm Chair (ad hoc)	male	1	0.2
748	MARK SIMMONS	SB Assoc Editor	male	1	0.2
749	BERYL SIMPSON	Asa Gray	female	1	0.387096774193548
750	BERYL SIMPSON	Cooley	female	1	0.387096774193548
751	ERNEST SMALL	Cooley	male	0	NA
752	RANDALL SMALL	Nominations Comm	male	0	NA
753	ALAN SMITH	Asa Gray	male	1	0
754	ALAN SMITH	Asa Gray	NA	1	0
755	ALAN SMITH	Awards Comm	male	1	0
756	ALAN SMITH	Awards Comm	NA	1	0
757	ALAN SMITH	Awards Comm Chair	male	1	0
758	ALAN SMITH	Awards Comm Chair	NA	1	0
759	ALAN SMITH	Council Member	male	1	0
760	ALAN SMITH	Council Member	NA	1	0
761	ALBERT SMITH	Asa Gray	male	0	NA
762	DALE SMITH	Cooley	NA	0	NA
763	JAMES SMITH	ASPT Publications Comm (ad hoc)	male	1	0.2
764	JAMES SMITH	ASPT Publications Comm (ad hoc)	male	1	0.2
765	JAMES SMITH	ASPT NL Comm	male	1	0.2
766	JAMES SMITH	ASPT NL Comm	male	1	0.2
767	JAMES SMITH	Communications Comm	male	1	0.2
768	JAMES SMITH	Communications Comm	male	1	0.2
769	JAMES SMITH	Grady L. Webster Award Comm	male	1	0.2
770	JAMES SMITH	Grady L. Webster Award Comm	male	1	0.2
771	JAMES SMITH	Local Rep	male	1	0.2
772	JAMES SMITH	Local Rep	male	1	0.2
773	JAMES SMITH	Promotional Materials Comm	male	1	0.2
774	JAMES SMITH	Promotional Materials Comm	male	1	0.2
775	JAMES SMITH	Promotional Materials Comm Chair	male	1	0.2
776	JAMES SMITH	Promotional Materials Comm Chair	male	1	0.2
777	JAMES SMITH	Publications Comm	male	1	0.2
778	JAMES SMITH	Publications Comm	male	1	0.2
779	JAMES SMITH	SB Assoc Editor	male	1	0.2
780	JAMES SMITH	SB Assoc Editor	male	1	0.2
781	JAMES SMITH	SB EIC	male	1	0.2
782	JAMES SMITH	SB EIC	male	1	0.2
783	JAMES SMITH	SB EIC (incoming)	male	1	0.2
784	JAMES SMITH	SB EIC (incoming)	male	1	0.2
785	JAMES SMITH	SB Managing Editor	male	1	0.2
786	JAMES SMITH	SB Managing Editor	male	1	0.2
787	JAMES SMITH	SBM Assoc Editor	male	1	0.2
788	JAMES SMITH	SBM Assoc Editor	male	1	0.2
789	STACEY SMITH	Communications Comm	female	1	0.636363636363636
790	STACEY SMITH	Environ & Pub Policy Comm	female	1	0.636363636363636
791	STACEY SMITH	Environ & Pub Policy Comm Chair	female	1	0.636363636363636
792	STACEY SMITH	Mem Comm (ad hoc)	female	1	0.636363636363636
793	NEIL SNOW	Nominations Comm	male	1	0.210526315789474
794	NEIL SNOW	SB Assoc Editor	male	1	0.210526315789474
795	NEIL SNOW	SB Book Review Editor	male	1	0.210526315789474
796	SOHMER	Nominations Comm	NA	0	NA
797	OTTO SOLBRIG	Cooley	male	0	NA
798	JAMES SOLOMON	Local Rep (St. Louis)	male	1	0.125
799	DOUG SOLTIS	Asa Gray	male	0	NA
800	DOUG SOLTIS	Cooley	male	0	NA
801	PAM SOLTIS	Asa Gray	female	0	NA
802	PAMELA SOLTIS	Nominations Comm	female	1	0.277777777777778
803	PAMELA SOLTIS	Nominations Comm	NA	1	0.277777777777778
804	VICTORIA SOSA	SB Assoc Editor	female	1	0.423728813559322
805	DANIEL SPALINK	Website Comm	male	1	0.142857142857143
806	CHELSEA SPECHT	President-Elect	female	1	0.5
807	CHELSEA SPECHT	Awards Comm	female	1	0.5
808	CHELSEA SPECHT	Awards Comm Chair	female	1	0.5
809	CHELSEA SPECHT	Communications Comm	female	1	0.5
810	CHELSEA SPECHT	Council Member	female	1	0.5
811	CHELSEA SPECHT	Pub Relations Comm (ad hoc)	female	1	0.5
812	CHELSEA SPECHT	Pub Relations Comm (ad hoc),  social media	female	1	0.5
813	CHELSEA SPECHT	Pub Relations Comm Chair	female	1	0.5
814	RICHARD SPELLENBERG	Program Director	male	0	NA
815	DAVID SPOONER	Environ & Pub Policy Comm	male	1	0.236842105263158
816	WILLIAM STEARN	Asa Gray	NA	0	NA
817	KELLY STEELE	Environ & Pub Policy Comm	female	1	0.5
818	KELLY STEELE	Environ & Pub Policy Comm Chair	female	1	0.5
819	SASA STEFANOVIC	SB Assoc Editor	NA	1	0.833333333333333
820	STEPHEN STERN	Awards Comm	male	1	0.1875
821	PETER STEVENS	Asa Gray	male	1	0.222222222222222
822	PETER STEVENS	Awards Comm	male	1	0.222222222222222
823	THOMAS STOUGHTON	Cooley	male	1	0.142857142857143
824	LENA STRUWE	Awards Comm (ad hoc for new undergrad awards)	female	1	0.32
825	LENA STRUWE	Awards Sub Comm Chair (ad hoc for new undergrad awards)	female	1	0.32
826	LENA STRUWE	Communications Comm	female	1	0.32
827	LENA STRUWE	Council Member	female	1	0.32
828	LENA STRUWE	Publications Comm Chair	female	1	0.32
829	LENA STRUWE	SB Assoc Editor	female	1	0.32
830	TOD STUESSY	Asa Gray	male	1	0.21875
831	TOD STUESSY	Council Member	male	1	0.21875
832	TOD STUESSY	President-Elect	male	1	0.21875
833	HOWARD STUTZ	Cooley	NA	0	NA
834	JANET SULLIVAN	SB Book Review Editor	female	1	0.4
835	HARLAN SVOBODA	Syst Collections Comm	male	1	0
836	KEN SYTSMA	Council Member	NA	0	NA
837	KENNETH SYTSMA	Cooley	male	1	0.333333333333333
838	KENNETH SYTSMA	Communications Comm	male	1	0.333333333333333
839	KENNETH SYTSMA	Council Member	male	1	0.333333333333333
840	KENNETH SYTSMA	Nominations Comm Chair	male	1	0.333333333333333
841	KENNETH SYTSMA	Past President	male	1	0.333333333333333
842	KENNETH SYTSMA	President	male	1	0.333333333333333
843	KENNETH SYTSMA	President Elect	male	1	0.333333333333333
844	DAVID TANK	Awards Comm	male	1	0
845	JENNIFER TATE	SB Assoc Editor	female	1	0.375
846	CHARLOTTE TAYLOR	SBM Assoc Editor	female	1	0.571428571428571
847	CARL TAYLOR	SBM Assoc Editor	male	1	0.125
848	BARBARA THIERS	Syst Collections Comm	female	1	0.222222222222222
849	HENRY THOMPSON	Cooley	male	0	NA
850	ROBERT THORNE	Asa Gray	male	0	NA
851	ROBERT THORNE	Secretary	male	0	NA
852	ROBERT THORNE	Council Member	male	0	NA
853	JIMMY TRIPLETT	Awards Comm	male	1	0.3
854	JIMMY TRIPLETT	SB Assoc Editor	male	1	0.3
855	ERIN TRIPP	Awards Comm Chair, Honors Sub Comm Chair	female	1	0.3125
856	ERIN TRIPP	Cooley	female	1	0.3125
857	ERIN TRIPP	Council Member	female	1	0.3125
858	ERIN TRIPP	Grady L. Webster Award Comm	female	1	0.3125
859	ERIN TRIPP	SB Assoc Editor	female	1	0.3125
860	ERIN TRIPP	Environ & Pub Policy Comm	female	1	0.3125
861	ERIN TRIPP	Environ & Pub Policy Comm Chair	female	1	0.3125
862	ERIN TRIPP	SBM Assoc Editor	female	1	0.3125
863	SHIRLEY TUCKER	Past President	female	0	NA
864	BILLIE TURNER	Asa Gray	female	1	0.166666666666667
865	BILLIE TURNER	Council Member	female	1	0.166666666666667
866	CHRIS TYRRELL	Website Comm	NA	0	NA
867	NATALIE UHL	Asa Gray	female	1	0.222222222222222
868	LOWELL URBATSCH	Local Rep (Mobile)	male	1	0.215686274509804
869	BENJAMIN VAN EE	SB Assoc Editor	NA	0	NA
870	BENJAMIN VAN EE	SB Managing Editor	NA	0	NA
871	ALEJANDRA VASCO	SB Assoc Editor	female	1	0.454545454545455
872	MICHAEL VINCENT	SBM Assoc Editor	male	1	0
873	MICHAEL VINCENT	Secretary	male	1	0
874	MICHAEL VINCENT	ASPT NL Comm	male	1	0
875	MICHAEL VINCENT	Environ & Pub Policy Comm	male	1	0
876	MICHAEL VINCENT	Nominations Comm	male	1	0
877	MICHAEL VINCENT	SHC Rep (ad hoc)	male	1	0
878	MICHAEL VINCENT	Syst Collections Comm	male	1	0
879	HERB WAGNER	Asa Gray	NA	0	NA
880	WARREN WAGNER	Asa Gray	male	1	0.241379310344828
881	WARREN WAGNER	Asa Gray	NA	1	0.241379310344828
882	WARREN WAGNER	Finance Officer	male	1	0.241379310344828
883	WARREN WAGNER	Finance Officer	NA	1	0.241379310344828
884	WARREN WAGNER	ASPT SBM Search Chair (ad hoc)	male	1	0.241379310344828
885	WARREN WAGNER	ASPT SBM Search Chair (ad hoc)	NA	1	0.241379310344828
886	WARREN WAGNER	ASPT SBM Search Comm Chair (ad hoc)	male	1	0.241379310344828
887	WARREN WAGNER	ASPT SBM Search Comm Chair (ad hoc)	NA	1	0.241379310344828
888	WARREN WAGNER	Communications Comm	male	1	0.241379310344828
889	WARREN WAGNER	Communications Comm	NA	1	0.241379310344828
890	WARREN WAGNER	Finance Comm	male	1	0.241379310344828
891	WARREN WAGNER	Finance Comm	NA	1	0.241379310344828
892	WARREN WAGNER	Finance Comm Chair	male	1	0.241379310344828
893	WARREN WAGNER	Finance Comm Chair	NA	1	0.241379310344828
894	WARREN WAGNER	Nominations Comm Chair	male	1	0.241379310344828
895	WARREN WAGNER	Nominations Comm Chair	NA	1	0.241379310344828
896	WARREN WAGNER	Past President	male	1	0.241379310344828
897	WARREN WAGNER	Past President	NA	1	0.241379310344828
898	WARREN WAGNER	President	male	1	0.241379310344828
899	WARREN WAGNER	President	NA	1	0.241379310344828
900	WARREN WAGNER	President-Elect	male	1	0.241379310344828
901	WARREN WAGNER	President-Elect	NA	1	0.241379310344828
902	ERNST WALLACE	Cooley	NA	0	NA
903	LISA ELLEN WALLACE	Awards Comm	NA	0	NA
904	LISA ELLEN WALLACE	Promotional Materials Comm	NA	0	NA
905	LISA ELLEN WALLACE	Promotional Materials Comm Chair	NA	0	NA
906	ROBERT WALLACE	Nominations Comm	male	0	NA
907	ROBERT WALLACE	Program Director (co-director)	male	0	NA
908	ROBERT WALLACE	Promotional Materials Comm Chair	male	0	NA
909	MARCIA WATERWAY	SB Assoc Editor	female	1	0.375
910	JAMES EDDIE WATKINS	AAAS Rep	NA	0	NA
911	JAMES EDDIE WATKINS	Environ & Pub Policy Comm	NA	0	NA
912	LINDA WATSON	Grady L. Webster Award Comm	female	1	0.85
913	LINDA WATSON	Finance Comm	female	1	0.85
914	LINDA WATSON	Nominations Comm Chair	female	1	0.85
915	LINDA WATSON	Past President	female	1	0.85
916	LINDA WATSON	President	female	1	0.85
917	LINDA WATSON	President Elect	female	1	0.85
918	LINDA WATSON	Treasurer	female	1	0.85
919	LINDA WATSON	Website Advisory Comm (ad hoc)	female	1	0.85
920	CHARLES WEATHERBY	Council Member	NA	0	NA
921	GRADY WEBSTER	Asa Gray	male	0	NA
922	ANDREA WEEKS	AAAS Rep	female	1	0.625
923	ANDREA WEEKS	Awards Comm	female	1	0.625
924	ANDREA WEEKS	Awards Comm Chair	female	1	0.625
925	ANDREA WEEKS	Council Member	female	1	0.625
926	ANDREA WEEKS	Environ & Pub Policy Comm	female	1	0.625
927	ANDREA WEEKS	Grady L. Webster Award Comm	female	1	0.625
928	ANDREA WEEKS	SB Assoc Editor	female	1	0.625
929	ANDREA WEEKS	SHC Rep	female	1	0.625
930	ANDREA WEEKS	Syst Collections Comm	female	1	0.625
931	STEPHEN WELLER	Awards Comm	male	1	0.476190476190476
932	ELIZABETH FORTSON WELLS	ASPT NL Comm	NA	0	NA
933	ELIZABETH FORTSON WELLS	Nominations Comm	NA	0	NA
934	ELIZABETH FORTSON WELLS	SB EIC	NA	0	NA
935	ELIZABETH FORTSON WELLS	SBM Assoc Editor	NA	0	NA
936	JUN WEN	Finance Comm	male	1	0.3
937	JUN WEN	Finance Comm Chair	male	1	0.3
938	JUN WEN	Nominations Comm	male	1	0.3
939	JUN WEN	Treasurer	male	1	0.3
940	BARBARA WHITLOCK	Communications Comm	female	1	0.384615384615385
941	BARBARA WHITLOCK	Syst Collections Comm	female	1	0.384615384615385
942	BARBARA WHITLOCK	Syst Collections Comm Chair	female	1	0.384615384615385
943	MARY KATHRYN WHITSON	Cooley	NA	0	NA
944	ALAN WHITTEMORE	ASPT NL Comm	male	1	0.214285714285714
945	ALAN WHITTEMORE	ASPT Publications Comm (ad hoc)	male	1	0.214285714285714
946	ALAN WHITTEMORE	Communications Comm	male	1	0.214285714285714
947	ALAN WHITTEMORE	Environ & Pub Policy Comm	male	1	0.214285714285714
948	ALAN WHITTEMORE	Environ & Pub Policy Comm Chair	male	1	0.214285714285714
949	ALAN WHITTEMORE	Publications Comm Chair	male	1	0.214285714285714
950	ALAN WHITTEMORE	SB  Managing Editor	male	1	0.214285714285714
951	ALAN WHITTEMORE	SB Assoc Editor	male	1	0.214285714285714
952	ALAN WHITTEMORE	SB EIC	male	1	0.214285714285714
953	ALAN WHITTEMORE	SB EIC outgoing/transition year	male	1	0.214285714285714
954	ALAN WHITTEMORE	SBM Assoc Editor	male	1	0.214285714285714
955	ALAN WHITTEMORE	SBM Issues Comm (ad hoc)	male	1	0.214285714285714
956	JEANNETTE WHITTON	Nominations Comm	female	0	NA
957	JOHN WIERSEMA	Raven	male	1	0.125
958	DIETER WILKEN	Awards Comm Chair	male	1	0.2
959	DIETER WILKEN	Council Member	male	1	0.2
960	DIETER WILKEN	Environ & Pub Policy Comm	male	1	0.2
961	DIETER WILKEN	Environ & Pub Policy Comm Chair	male	1	0.2
962	ANN WILLYARD	Cooley	female	1	0.333333333333333
963	ANN WILLYARD	Promotional Materials Comm	female	1	0.333333333333333
964	ANN WILLYARD	Promotional Materials Comm Chair	female	1	0.333333333333333
965	CAROL WILSON	Environ & Pub Policy Comm Chair	female	1	1
966	CAROL WILSON	Local Rep (Portland)	female	1	1
967	CAROL WILSON	SB Assoc Editor	female	1	1
968	HUGH WILSON	Website Comm Chair	NA	0	NA
969	PAUL WILSON	SB Assoc Editor	male	0	NA
970	PAUL WILSON	SB Biostatistics Editor	male	0	NA
971	MARTIN WOJCIECHOWSKI	Environ & Pub Policy Comm	male	1	0.4
972	MARTIN WOJCIECHOWSKI	Environ & Pub Policy Comm Chair	male	1	0.4
973	MARTIN WOJCIECHOWSKI	SB Assoc Editor	male	1	0.4
974	STEVEN WOLF	Website Comm	male	0	NA
975	ANDREA WOLFE	Cooley	female	1	0.368421052631579
976	ANDREA WOLFE	Council Member	female	1	0.368421052631579
977	ANDREA WOLFE	Program Director	female	1	0.368421052631579
978	ANDREA WOLFE	Promotional Materials Comm Chair	female	1	0.368421052631579
979	ROBERT WOODSON	Council Member	NA	0	NA
980	KENNETH WURDACK	Awards Comm	male	1	0.466666666666667
981	ROBERT WYATT	Cooley	male	0	NA
982	QIUYUN (JENNY) XIANG	Promotional Materials Comm	NA	0	NA
983	QIUYUN (JENNY) XIANG	Promotional Materials Comm Chair	NA	0	NA
984	QIUYUN (JENNY) XIANG	Publications Comm	NA	0	NA
985	GEORGE YATSKIEVYCH	SBM Assoc Editor	male	1	0.377358490566038
986	YOUNG	Council Member	NA	0	NA
987	SHENGXIANG YU	SB Assoc Editor	NA	1	NA
988	TRUMAN YUNKER	President	NA	0	NA
989	ELIZABETH ZACHARIAS	Webster	female	0	NA
990	THOMAS ZANONI	SBM Assoc Editor	NA	0	NA
991	JAMES ZARUCCHI	NSCA Rep	male	1	0.1
992	JAMES ZARUCCHI	Syst Collections Comm	male	1	0.1
993	JAMES ZARUCCHI	Syst Collections Comm Chair	male	1	0.1
994	NYREE ZEREGA	ASPT NL Comm	female	0	NA
995	NYREE ZEREGA	Communications Comm	female	0	NA
996	NYREE ZEREGA	Cooley	female	0	NA
997	NYREE ZEREGA	Secretary	female	0	NA
998	ELIZABETH ZIMMER	Awards Comm	female	1	0.4
999	ELIZABETH ZIMMER	Awards Comm	NA	1	0.4
1000	ELIZABETH ZIMMER	Environ & Pub Policy Comm Chair	female	1	0.4
1001	ELIZABETH ZIMMER	Environ & Pub Policy Comm Chair	NA	1	0.4
1002	ELIZABETH ZIMMER	Nominations Comm	female	1	0.4
1003	ELIZABETH ZIMMER	Nominations Comm	NA	1	0.4
1004	WENDY ZOMLEFER	Council Member	female	1	0.3125
1005	WENDY ZOMLEFER	Awards Comm	female	1	0.3125
1006	WENDY ZOMLEFER	Awards Comm Chair	female	1	0.3125
1007	WENDY ZOMLEFER	Nominations Comm	female	1	0.3125
1008	WENDY ZOMLEFER	SB Assoc Editor	female	1	0.3125
1009	FERNANDO ZULOAGA	SB Assoc Editor	male	1	0.534883720930233
1010	ADAM HOLLOWELL	NA	male	0	NA
1011	ANN COTTER	NA	female	0	NA
1012	CHARLES COGBILL	NA	male	0	NA
1013	ERNEST NEWMAN	NA	male	0	NA
1014	JOHN BURK	NA	male	1	0.142857142857143
1015	JONATHAN WILKIN	NA	male	0	NA
1016	JOSH GATES	NA	male	0	NA
1017	JULIUS KAPP	NA	male	0	NA
1018	KARL IPSER	NA	male	0	NA
1019	NA BEETHOVEN	NA	female	0	NA
1020	RICHARD KNOPF	NA	male	0	NA
1021	RICHARD WAGNER	NA	male	0	NA
1022	THOMAS BIRK	NA	male	0	NA
1023	WILLIAM COSCARELLI	NA	male	0	NA
1024	NA	NA	NA	0	NA
1025	ANDREA KRAMER	NA	female	0	NA
1026	CHRISTOPHER BYRNES	NA	male	0	NA
1027	DON ARMS	NA	male	0	NA
1028	RAJAN ASIRVATHAM	NA	male	0	NA
1029	RALPH BELLE	NA	male	0	NA
1030	REYHAN GORGOZ	NA	male	0	NA
1031	RICHARD ARCHER	NA	male	0	NA
1032	VASUDHA DHAR	NA	female	0	NA
1033	ANTHONY BRACH	NA	male	0	NA
1034	ATSUSHI MATSUI	NA	male	0	NA
1035	BO XU	NA	male	0	NA
1036	BRUCE BARTHOLOMEW	NA	male	0	NA
1037	CHUNG-I WU	NA	NA	0	NA
1038	CVETOMIR DENCHEV	NA	NA	0	NA
1039	DA-CAI ZHANG	NA	NA	0	NA
1040	EIKO CHIBA	NA	female	0	NA
1041	FA-GUO WANG	NA	NA	0	NA
1042	FENGXIAO TAN	NA	NA	0	NA
1043	FU-WU XING	NA	NA	0	NA
1044	HAN XU	NA	female	0	NA
1045	HANG SUN	NA	female	0	NA
1046	HANNO SCHAEFER	NA	NA	1	0.421052631578947
1047	HIDEAKI OHBA	NA	NA	1	0.230769230769231
1048	HIDEKI TAKAHASHI	NA	male	0	NA
1049	HIDETSUGU MIWA	NA	NA	0	NA
1050	HIROSHI TOBE	NA	male	0	NA
1051	HIROSHIGE KOYAMA	NA	NA	0	NA
1052	HIROYUKI AKIYAMA	NA	male	0	NA
1053	HONG CUI	NA	female	0	NA
1054	HONG LIU	NA	female	0	NA
1055	IHSAN AL-SHEHBAZ	NA	male	0	NA
1056	IRENEUSZ ODRZYKOSKI	NA	NA	0	NA
1057	JAMES BEACH	NA	male	0	NA
1058	JIAN-WEN ZHANG	NA	NA	0	NA
1059	JOHN AVERETT	NA	male	0	NA
1060	JOHN KARTESZ	NA	male	0	NA
1061	JORGE CRISCI	NA	male	1	0.416666666666667
1062	KUNIO IWATSUKI	NA	male	1	0.25
1063	LEILA SHULTZ	NA	female	1	0.25
1064	MASAMI HASEGAWA	NA	male	0	NA
1065	MIKE MAUNDER	NA	male	0	NA
1066	NORIAKI MURAKAMI	NA	NA	1	0.285714285714286
1067	PAUL SELDEN	NA	male	0	NA
1068	RAY ANGELO	NA	male	0	NA
1069	RENAT SABIROV	NA	NA	0	NA
1070	RENCHAO ZHOU	NA	NA	0	NA
1071	RICHARD REE	NA	male	0	NA
1072	S SPONGBERG	NA	NA	0	NA
1073	SHU-QING AN	NA	NA	0	NA
1074	STEPHAN GALE	NA	male	0	NA
1075	STEPHAN OZMINSKI	NA	male	0	NA
1076	STEVEN SEAVEY	NA	male	0	NA
1077	SUHUA SHI	NA	NA	1	0.291666666666667
1078	TAKASI YAMAZAKI	NA	NA	0	NA
1079	TATEMI SHIMIZU	NA	NA	0	NA
1080	TEODOR DENCHEV	NA	male	0	NA
1081	TOSHIO YOSHIDA	NA	male	0	NA
1082	TSUN-SHEN YING	NA	NA	0	NA
1083	W THOMAS	NA	NA	0	NA
1084	WEI WU	NA	male	0	NA
1085	WEI-XIANG XU	NA	NA	0	NA
1086	WENHENG ZHANG	NA	NA	0	NA
1087	XI-QIANG SONG	NA	NA	0	NA
1088	XINGJIN HE	NA	NA	0	NA
1089	XUN GONG	NA	NA	0	NA
1090	YELIN HUANG	NA	NA	0	NA
1091	YI-BO LUO	NA	NA	0	NA
1092	YONG-HONG ZHANG	NA	NA	0	NA
1093	YONGHONG ZHANG	NA	NA	0	NA
1094	YOUSHENG CHEN	NA	NA	0	NA
1095	YU JIA	NA	female	1	0.5
1096	YULING TU	NA	NA	0	NA
1097	ZHIMIN LI	NA	NA	0	NA
1098	ZHONG-SHENG WANG	NA	NA	0	NA
1099	ALMUT SEITHE	NA	NA	0	NA
1100	ANNE LEYERLE	NA	female	0	NA
1101	ANTHONY LEWIS	NA	male	0	NA
1102	ARTHUR MATHIESON	NA	male	0	NA
1103	BONI ELEWSKI	NA	female	0	NA
1104	DON MCKENZIE	NA	male	0	NA
1105	MARK LAGRIMINI	NA	NA	0	NA
1106	RICHARD FRALICK	NA	male	0	NA
1107	ROBIN FREMER	NA	female	0	NA
1108	WILLIAM LEYERLE	NA	male	0	NA
1109	ALAN GELFAND	NA	male	0	NA
1110	BRUCE WEIR	NA	male	0	NA
1111	CHARLES HENRY	NA	male	0	NA
1112	CHRIS ELPHICK	NA	male	0	NA
1113	CHRIS SIMON	NA	male	0	NA
1114	CHRISTOPHER ADAMS	NA	male	0	NA
1115	DANIEL CIVCO	NA	male	0	NA
1116	DAVID GOLDSTEIN	NA	male	0	NA
1117	DIPAK DEY	NA	male	0	NA
1118	DONALD FALK	NA	male	0	NA
1119	DOUGLAS SOLTIS	NA	male	1	0.285714285714286
1120	ERIC MENGES	NA	male	0	NA
1121	FENG GUO	NA	male	0	NA
1122	FREDDY CHRISTIANSEN	NA	male	0	NA
1123	GRETCHEN LEBUHN	NA	female	0	NA
1124	HARLAN LEWIS	NA	male	0	NA
1125	JACK SULLIVAN	NA	male	0	NA
1126	JAMES HAMRICK	NA	male	0	NA
1127	JAMES THOMSON	NA	male	0	NA
1128	JANE CARLSON	NA	female	0	NA
1129	JENNIFER STEINBACHS	NA	female	0	NA
1130	JOHN AVISE	NA	male	0	NA
1131	JONATHAN ROUGHGARDEN	NA	male	0	NA
1132	KENNETH DIAL	NA	male	0	NA
1133	KRISSA SKOGEN	NA	female	0	NA
1134	LISA WALLACE	NA	female	0	NA
1135	LOGAN SENACK	NA	male	0	NA
1136	LYTTON MUSSELMAN	NA	NA	0	NA
1137	MARCUS FELDMAN	NA	male	0	NA
1138	MARGARET EVANS	NA	female	0	NA
1139	NORMAN ELLSTRAND	NA	male	0	NA
1140	PATI VITT	NA	female	0	NA
1141	PAUL LEWIS	NA	male	0	NA
1142	PETER ARENSBURGER	NA	male	0	NA
1143	RACHEL PRUNIER	NA	female	0	NA
1144	ROBERTA MASON-GAMER	NA	female	0	NA
1145	ROBIN CHAZDON	NA	female	0	NA
1146	ROBYNN SHANNON	NA	female	0	NA
1147	RONGWEI FU	NA	NA	0	NA
1148	SEONGHO SONG	NA	NA	0	NA
1149	SOURABH BHATTACHARYA	NA	NA	0	NA
1150	STEPHEN GATESY	NA	male	0	NA
1151	STEPHEN PACALA	NA	male	0	NA
1152	SUSAN MEIMAN	NA	female	0	NA
1153	UZAY SEZEN	NA	NA	0	NA
1154	ZOE CARDON	NA	female	0	NA
1155	CHRISTOPHER KELLO	NA	male	0	NA
1156	CHRISTOPHER VULPE	NA	male	0	NA
1157	FUDI WANG	NA	NA	0	NA
1158	FUTOSHI YUMOTO	NA	NA	0	NA
1159	GEOFFREY CLARK	NA	male	0	NA
1160	PIER LUISI	NA	female	0	NA
1161	RICHARD WARD	NA	male	0	NA
1162	SARAH KRIZ	NA	female	0	NA
1163	SHUBHAM CHAKRAVARTY	NA	male	0	NA
1164	SOSANYA JONES	NA	NA	0	NA
1165	VINCENT MOSCO	NA	male	0	NA
1166	ARNOLD TIEHM	NA	male	1	0.333333333333333
1167	ARTHUR CRONGUIST	NA	male	0	NA
1168	ARTHUR HOLMGREN	NA	male	0	NA
1169	CHARLOTTE REEDER	NA	female	0	NA
1170	DAVID FRODIN	NA	male	0	NA
1171	DEBORAH METSGER	NA	female	0	NA
1172	JACQUELYN KALLUNKI	NA	female	1	0.352941176470588
1173	JAMES REVEAL	NA	male	0	NA
1174	JOHN PACKER	NA	male	0	NA
1175	JOHN REEDER	NA	male	0	NA
1176	SHEILA BYERS	NA	female	0	NA
1177	WILLIAM BUCK	NA	male	1	0.166666666666667
1178	ANDERS BRODIN	NA	male	0	NA
1179	BOBBI ANGELL	NA	female	0	NA
1180	BRUCE ALLEN	NA	male	0	NA
1181	DAVID MOORE	NA	male	0	NA
1182	EARL CORE	NA	male	0	NA
1183	EDWIN SMITH	NA	male	0	NA
1184	ELEANOR MAGID	NA	female	0	NA
1185	FRANK GOULD	NA	male	0	NA
1186	HANS ELLEGREN	NA	male	0	NA
1187	HELENA ENROTH	NA	female	0	NA
1188	INGEMAR JNSSON	NA	NA	0	NA
1189	JACK MAJOR	NA	male	0	NA
1190	JAN PETTERSSON	NA	female	0	NA
1191	JANICE BARTEL	NA	female	0	NA
1192	JOB KUIJT	NA	male	0	NA
1193	MARTIN WELIN	NA	male	0	NA
1194	MICHAEL BARBOUR	NA	male	0	NA
1195	NA NA	NA	female	0	NA
1196	NOL HOLMGREN	NA	NA	0	NA
1197	OLA OLSSON	NA	female	0	NA
1198	PATRIC NILSSON	NA	male	0	NA
1199	PAUL MOUTERDE	NA	male	0	NA
1200	PETER GOLDBLATT	NA	male	0	NA
1201	PETER YODZIS	NA	male	0	NA
1202	PRISCILLA FAWCETT	NA	female	0	NA
1203	RICHARD ANDRUS	NA	male	0	NA
1204	ROBERT HUMPHREY	NA	male	0	NA
1205	ROBERT KRAL	NA	male	0	NA
1206	ROBERT MOHLENBROCK	NA	male	0	NA
1207	ROMAIN ROSHEVITS	NA	male	0	NA
1208	RUDOLF SCHMID	NA	male	0	NA
1209	RUTH NELSON	NA	female	0	NA
1210	SAGE BELT	NA	female	0	NA
1211	SIGFRID LUNDBERG	NA	NA	0	NA
1212	SYLVIA KELSO	NA	female	0	NA
1213	ALAN BOLTEN	NA	male	0	NA
1214	ALEXANDER COCKBURN	NA	male	0	NA
1215	AMY BERKOV	NA	female	0	NA
1216	BARBARA MEURER-GRIMES	NA	female	0	NA
1217	BARRIE JUNIPER	NA	female	0	NA
1218	CAMILLA HUXLEY	NA	female	0	NA
1219	DAVID CUTLER	NA	male	0	NA
1220	DWIGHT KINCAID	NA	male	0	NA
1221	ENRIQUE FORERO	NA	male	0	NA
1222	FLORA FERREIRA	NA	female	0	NA
1223	GRARD TAVAKILIAN	NA	NA	0	NA
1224	GHILLEAN PRANCE	NA	NA	0	NA
1225	HENRIK BALSLEV	NA	male	0	NA
1226	JAMES CASTNER	NA	male	0	NA
1227	JOHN BROWN	NA	male	0	NA
1228	JOHN PIPOLY	NA	male	0	NA
1229	JULIE FEINSTEIN	NA	female	0	NA
1230	JUVENAL BATISTA	NA	male	0	NA
1231	LUIZ SILVA	NA	male	0	NA
1232	NADJA LEPSCH-CUNHA	NA	female	0	NA
1233	PATTI ANDERSON	NA	female	0	NA
1234	PETER BECKER	NA	male	0	NA
1235	REGIS MILLER	NA	male	0	NA
1236	RICHARD SOUTHWOOD	NA	male	0	NA
1237	ROBERT KOWAL	NA	male	0	NA
1238	SUSANNA HECHT	NA	female	0	NA
1239	TATYANA LOBOVA	NA	female	0	NA
1240	TERENCE PENNINGTON	NA	male	0	NA
1241	THEODORE FLEMING	NA	male	0	NA
1242	THOMAS CROAT	NA	male	0	NA
1243	XAVIER CORNEJO	NA	male	0	NA
1244	YA-YI HUANG	NA	NA	0	NA
1245	ALAN EDDY	NA	male	0	NA
1246	BENITO TAN	NA	male	0	NA
1247	BERNARD GOFFINET	NA	male	0	NA
1248	DANA GRIFFIN	NA	female	0	NA
1249	EMMANUL SRUSIAUX	NA	NA	0	NA
1250	EUSEBIO RODRIGUES	NA	male	0	NA
1251	HOWARD CRUM	NA	male	0	NA
1252	INDIRA SHETTERLY	NA	female	0	NA
1253	PAUL SOMERS	NA	male	0	NA
1254	RYSZARD OCHYRA	NA	male	0	NA
1255	TIMO KOPONEN	NA	male	0	NA
1256	WILLIAM REESE	NA	male	0	NA
1257	WILLIAM STEERE	NA	male	0	NA
1258	WOLFGANG FREY	NA	male	0	NA
1259	ALEXANDRE SALINO	NA	male	1	0.35
1260	ALICE TRYON	NA	female	0	NA
1261	BERNARD LUGARDON	NA	male	0	NA
1262	CHRISTIAN LOPEZ	NA	male	0	NA
1263	GUSTAVO HERINGER	NA	male	0	NA
1264	IVAN VALDESPINO	NA	male	1	0.111111111111111
1265	JORGE CEBALLOS	NA	male	0	NA
1266	LUIZ GES-NETO	NA	male	0	NA
1267	ANGELA TOD	NA	female	0	NA
1268	BERNARD PFEIL	NA	male	1	0.5
1269	BETTIE WADDY-SMITH	NA	female	0	NA
1270	DEBRA NUSSBAUM	NA	female	0	NA
1271	ELIZABETH DICKSON	NA	female	1	0.53125
1272	HIROYOSHI OHASHI	NA	NA	0	NA
1273	JANE DOYLE	NA	female	1	0.421052631578947
1274	JASON RAUSCHER	NA	male	0	NA
1275	JEFFREY PALMER	NA	male	0	NA
1276	JULIE BALLENGER	NA	female	0	NA
1277	MATTHEW PARKER	NA	male	0	NA
1278	MELITTA SCHACHNER	NA	female	0	NA
1279	MICHAEL BRONSKI	NA	male	0	NA
1280	REID PALMER	NA	male	0	NA
1281	RICHARD DAVIDSON	NA	male	0	NA
1282	SHANNON STRAUB	NA	female	1	0.142857142857143
1283	SIMON PALFREYMAN	NA	male	0	NA
1284	STEVEN BOGDANOWICZ	NA	male	0	NA
1285	TADASHI KAJITA	NA	male	0	NA
1286	AARON PAN	NA	male	1	0.285714285714286
1287	ANASTASIA KONOPKA	NA	female	0	NA
1288	ANDREW DRINNAN	NA	male	0	NA
1289	ANDREW LESLIE	NA	male	0	NA
1290	BONNIE JACOBS	NA	female	0	NA
1291	DAVID DILCHER	NA	male	0	NA
1292	ELISABETH WHEELER	NA	female	0	NA
1293	GWILYM LEWIS	NA	male	0	NA
1294	HALLIE SIMS	NA	female	0	NA
1295	HAZEL WILKINSON	NA	female	0	NA
1296	HELENA EKLUND	NA	female	0	NA
1297	JAMES DOYLE	NA	male	1	0
1298	JENNIFER KELLER	NA	female	0	NA
1299	JUDITH SKOG	NA	female	0	NA
1300	KAREN REDDEN	NA	female	0	NA
1301	KEVIN NIXON	NA	male	0	NA
1302	MARJORIE MERCURE	NA	female	0	NA
1303	MASAMICHI TAKAHASHI	NA	NA	0	NA
1304	PETER CRANE	NA	male	0	NA
1305	PETER ENDRESS	NA	male	1	0.4
1306	PIETER BAAS	NA	male	0	NA
1307	RICHARD LUPIA	NA	male	0	NA
1308	SUSANA MAGALLN	NA	female	0	NA
1309	SUSANA MAGALLON-PUEBLA	NA	female	0	NA
1310	SUSANA MAGALLN-PUEBLA	NA	female	0	NA
1311	WILLIAM CREPET	NA	male	0	NA
1312	XIANGHUI XIAO	NA	NA	0	NA
1313	VINCENT MERCKX	NA	male	0	NA
1314	ADRIAN POWELL	NA	male	0	NA
1315	AMANDA INGRAM	NA	female	1	0.375
1316	ANN HIRSCH	NA	female	0	NA
1317	AURELIANO BOMBARELY	NA	male	0	NA
1318	BETH LADIN	NA	female	0	NA
1319	BRANDON GAUT	NA	male	0	NA
1320	CARL LEWIS	NA	male	0	NA
1321	DAMIEON BROWN	NA	male	0	NA
1322	DANIEL ILUT	NA	male	0	NA
1323	DAVID GARVIN	NA	male	0	NA
1324	DONOVAN BAILEY	NA	NA	1	0.2
1325	EVE EMSHWILLER	NA	female	1	0.35
1326	JAVIER LAFONTAINE	NA	male	0	NA
1327	JEREMY COATE	NA	male	0	NA
1328	JESSICA SCHLUETER	NA	female	0	NA
1329	JONATHAN WENDEL	NA	male	1	0.259259259259259
1330	MICHAEL SANDERSON	NA	male	0	NA
1331	NORMAN WEEDEN	NA	male	0	NA
1332	PHILIPPE KUPFER	NA	male	0	NA
1333	RANDY SHOEMAKER	NA	male	0	NA
1334	RICHARD HARRISON	NA	male	0	NA
1335	ROGER BEACHY	NA	male	0	NA
1336	SIMON GUNNER	NA	male	1	0
1337	SONG GE	NA	female	0	NA
1338	SUE SHERMAN-BROYLES	NA	female	0	NA
1339	THOMAS LARUE	NA	male	0	NA
1340	XIN-HUI ZOU	NA	NA	0	NA
1341	YONG-MING YUAN	NA	NA	0	NA
1342	ZIHENG YANG	NA	NA	0	NA
1343	AARON REEVES	NA	male	0	NA
1344	AMY GILMARTIN	NA	female	0	NA
1345	CHRISTOPHER HARDY	NA	male	1	0.173913043478261
1346	DAMON LITTLE	NA	male	1	0.0666666666666667
1347	DENNIS STEVENSON	NA	male	0	NA
1348	DOUGLAS GOLDMAN	NA	male	0	NA
1349	GITTE PETERSEN	NA	NA	0	NA
1350	HILDA FLORES	NA	female	0	NA
1351	MENG CHOO	NA	male	0	NA
1352	MICHAEL FROHLICH	NA	male	0	NA
1353	OLE SEBERG	NA	male	1	0.25
1354	PETER LUNDQUIST	NA	male	0	NA
1355	ROBERT SORENG	NA	male	1	0.348837209302326
1356	WILLIAM DIMICHELE	NA	male	0	NA
1357	CAROLYN WILKINSON	NA	female	0	NA
1358	HOWARD CLARK	NA	male	1	0.666666666666667
1359	LUCY CLARK	NA	female	0	NA
1360	AILSA HOLLAND	NA	female	0	NA
1361	ALICE TANGERINI	NA	female	0	NA
1362	ANTOINE CLEEF	NA	male	0	NA
1363	CAROL KELLOFF	NA	female	0	NA
1364	DANIEL BROOKS	NA	male	0	NA
1365	EDUARDO PASINI	NA	male	0	NA
1366	JENNIFER MANDEL	NA	female	1	0.5
1367	JOEL CRACRAFT	NA	male	0	NA
1368	JOHN SKVARLA	NA	male	0	NA
1369	KENNETH WOOD	NA	male	0	NA
1370	KRISTEN BAIRD	NA	female	0	NA
1371	KYLE WALLICK	NA	male	1	0.5
1372	MORGAN GOSTEL	NA	female	1	0.555555555555556
1373	NDIA ROQUE	NA	NA	0	NA
1374	NILES ELDREDGE	NA	male	0	NA
1375	QUENTIN WHEELER	NA	male	0	NA
1376	RAYMUND CHAN	NA	male	1	0.5
1377	REBECCA DIKOW	NA	female	0	NA
1378	SEBSEBE DEMISSEW	NA	NA	0	NA
1379	CAROL PETERSON	NA	female	0	NA
1380	DAVID COMELLO	NA	male	0	NA
1381	JACK BLOCK	NA	male	0	NA
1382	KAREN ORREN	NA	female	0	NA
1383	KENNETH OTTENBACHER	NA	male	0	NA
1384	PAUL KANTOR	NA	male	0	NA
1385	PAUL PETERSON	NA	male	1	0.25
1386	SIDNEY SACKS	NA	male	0	NA
1387	ALEJANDRO NOVELO	NA	male	0	NA
1388	CORNELIA LHNE	NA	female	0	NA
1389	GEA ZIJLSTRA	NA	female	0	NA
1390	JEFF DAHLBERG	NA	male	0	NA
1391	JOHN MCNEILL	NA	male	1	0.111111111111111
1392	JOSEPH KIRKBRIDE,	NA	male	0	NA
1393	JULIAN SHAW	NA	male	0	NA
1394	NICHOLAS TURLAND	NA	male	0	NA
1395	PIERRE COMPERE	NA	male	0	NA
1396	SCOTT REDHEAD	NA	male	0	NA
1397	THOMAS BORSCH	NA	male	0	NA
1398	TIANTIAN SUN	NA	NA	0	NA
1399	WERNER GREUTER	NA	male	0	NA
1400	XIANGYUN ZHU	NA	NA	0	NA
1401	YONG YANG	NA	male	0	NA
1402	BRINTON DOMANGUE	NA	male	0	NA
1403	CONLEY MCMULLEN	NA	male	1	0.625
1404	EILEEN SCHOFIELD	NA	female	0	NA
1405	MELINDA PETERS	NA	female	0	NA
1406	MELISSA MANOW	NA	female	0	NA
1407	RYAN HUISH	NA	male	0	NA
1408	ALFONSO DOUCETTE	NA	male	0	NA
1409	BRETT OWENS	NA	male	0	NA
1410	DALE RIEPE	NA	male	0	NA
1411	DAN FLETCHER	NA	male	0	NA
1412	DANIEL SAMPSON	NA	male	0	NA
1413	DEBRA CAMERON	NA	female	0	NA
1414	EILERT EKWALL	NA	NA	0	NA
1415	ELIZABETH NITCHIE	NA	female	0	NA
1416	HAL BRIDGES	NA	male	0	NA
1417	HORST FRENZ	NA	male	0	NA
1418	JAMES ROBINSON	NA	male	0	NA
1419	JOSE PORTILLA	NA	male	0	NA
1420	LEE FIELDING	NA	male	0	NA
1421	LUCY DUECK	NA	female	0	NA
1422	MARYELLEN CAMERON	NA	female	0	NA
1423	MICHAEL ROBERTS	NA	male	0	NA
1424	NEVILLE ROGERS	NA	male	0	NA
1425	PATRICK KELLEHER	NA	male	0	NA
1426	RAFAEL ARVALO	NA	male	0	NA
1427	RICHARD GUNDERSON	NA	male	0	NA
1428	WILLIAM BAGBY	NA	male	0	NA
1429	CHUCK WASH	NA	male	0	NA
1430	DOUGLAS JENSEN	NA	male	1	0.166666666666667
1431	HAROLD BULL	NA	male	0	NA
1432	HERBERT HUGHES	NA	male	0	NA
1433	JAMES GOOLSBY	NA	male	0	NA
1434	JOHN BRAZNER	NA	male	0	NA
1435	JUERGEN RICHTER	NA	male	0	NA
1436	LARRY HEINIS	NA	male	0	NA
1437	MARY JORDAN	NA	female	0	NA
1438	PATRICIA GENSEL	NA	female	0	NA
1439	PHILIP OLIVA	NA	male	0	NA
1440	STUART GATHMAN	NA	male	0	NA
1441	ALEXANDER TAYLOR	NA	male	1	0.142857142857143
1442	BIN WANG	NA	male	0	NA
1443	CLIFFORD PARKS	NA	male	0	NA
1444	HILARY MCMANUS	NA	female	0	NA
1445	JEFFREY PALMER	NA	NA	0	NA
1446	JUN YU	NA	male	0	NA
1447	JUNGHO LEE	NA	NA	1	0.142857142857143
1448	KOICHI YOSHINAGA	NA	male	0	NA
1449	LIBO LI	NA	NA	0	NA
1450	OLENA DOMBROVSKA	NA	female	0	NA
1451	RICHARD JOBSON	NA	male	0	NA
1452	VOLKER KNOOP	NA	NA	0	NA
1453	YANG LIU	NA	male	0	NA
1454	AMY BOYD	NA	female	0	NA
1455	ANDREW GRELLER	NA	male	0	NA
1456	ANDREW HILL	NA	male	0	NA
1457	ANNA-LOUISE REYSENBACH	NA	NA	0	NA
1458	DAVID MADDISON	NA	male	0	NA
1459	DOMINIQUE CHAMPLUVIER	NA	female	0	NA
1460	EXEQUIEL EZCURRA	NA	male	0	NA
1461	GARY HARTSHORN	NA	male	0	NA
1462	HENRY HESPENHEIDE	NA	male	0	NA
1463	IAIN DARBYSHIRE	NA	male	0	NA
1464	JENNIFER WEEKS	NA	female	0	NA
1465	JOHN LUNDBERG	NA	male	1	0.24
1466	JOHN MACDOUGAL	NA	male	0	NA
1467	JOSE DELGADILLO	NA	male	0	NA
1468	KAJ VOLLESEN	NA	male	0	NA
1469	KAMALJIT BAWA	NA	NA	0	NA
1470	KATHERINE RILEY	NA	female	0	NA
1471	KRISTEN JOHNSON	NA	female	0	NA
1472	KRISTEN PORTER-UTLEY	NA	female	1	0.4
1473	MARGRIT MCINTOSH	NA	female	0	NA
1474	MARIETTE MANKTELOW	NA	female	0	NA
1475	MELVIN TURNER	NA	male	0	NA
1476	MEREDITH HOLMBERG	NA	female	0	NA
1477	NORAVIT CHUMCHIM	NA	NA	0	NA
1478	PETER JRGENSEN	NA	male	0	NA
1479	PHILIP JENKINS	NA	male	0	NA
1480	PRIYA DAVIDAR	NA	female	0	NA
1481	RICHARD FELGER	NA	male	1	0.117647058823529
1482	ROBERT GURALNICK	NA	male	0	NA
1483	ROBERT RAGUSO	NA	male	0	NA
1484	SHARON KINSMAN	NA	female	0	NA
1485	SITI FATIMAH	NA	female	0	NA
1486	SULA VANDERPLANK	NA	female	0	NA
1487	SUSAN FOOSE	NA	female	0	NA
1488	SUSAN MASTA	NA	female	0	NA
1489	THOMAS SHERRY	NA	male	0	NA
1490	DALE MADISON	NA	male	0	NA
1491	DAVID HEARN	NA	male	0	NA
1492	DONALD BRITTON	NA	male	0	NA
1493	FAY-WEI LI	NA	NA	0	NA
1494	HARALD SCHNEIDER	NA	male	0	NA
1495	HAROLD SCHNEIDER	NA	male	0	NA
1496	JORDAN METZGAR	NA	male	1	0.545454545454545
1497	LOY PHILLIPPE	NA	male	0	NA
1498	MICHAEL NOWAK	NA	male	0	NA
1499	MICHAEL WINDHAM	NA	male	1	0.272727272727273
1500	NATHALIE NAGALINGUM	NA	female	1	0.210526315789474
1501	NIKLAS WIKSTRM	NA	male	0	NA
1502	PAUL WOLF	NA	male	0	NA
1503	PETRA KORALL	NA	female	0	NA
1504	RAYMOND CRANFILL	NA	male	0	NA
1505	ROBERT BAKER	NA	male	0	NA
1506	RONALD CHASE	NA	male	0	NA
1507	ANNE NESBET	NA	female	0	NA
1508	ANTONY BEEVOR	NA	male	0	NA
1509	BARBARA WOLFE	NA	female	0	NA
1510	BRENT KREIDER	NA	male	0	NA
1511	DAVID FARMER	NA	male	0	NA
1512	ERIC OLSON	NA	male	0	NA
1513	JUDITH WOOLDRIDGE	NA	female	0	NA
1514	MERRILE SING	NA	NA	0	NA
1515	MICHELE VALIQUETTE	NA	female	0	NA
1516	PAUL LINDEN-RETEK	NA	male	0	NA
1517	ROB RICHIE	NA	male	0	NA
1518	ROBERT RICHIE	NA	male	0	NA
1519	SALAM ABDUS	NA	female	0	NA
1520	TODD MCCUSKER	NA	male	0	NA
1521	VALERII GOLOVSKOI	NA	NA	0	NA
1522	ANN STONEBURNER	NA	female	1	0.25
1523	DAVID CATCHESIDE	NA	male	0	NA
1524	DAVID LANE	NA	male	0	NA
1525	ILMA STONE	NA	female	0	NA
1526	JAMES ALLISON	NA	male	0	NA
1527	LEWIS ANDERSON	NA	male	0	NA
1528	STEVEN BROYLES	NA	male	0	NA
1529	ANGELA GUERRERO	NA	female	0	NA
1530	ASHLEY MORRIS	NA	female	1	0.540540540540541
1531	BARBARA CARLSWARD	NA	female	0	NA
1532	BRGIDO PEGUERO	NA	NA	0	NA
1533	CHENGXIN FU	NA	NA	0	NA
1534	DARIN PENNEYS	NA	male	1	0.2
1535	DARREN CRAYN	NA	male	0	NA
1536	ELDIS BCQUER	NA	NA	0	NA
1537	FABIN MICHELANGELI	NA	NA	0	NA
1538	GRETCHEN IONTA	NA	female	1	0.333333333333333
1539	JAMES SKEAN	NA	male	0	NA
1540	JEFFERY HUBBARD	NA	male	0	NA
1541	JIANHUA LI	NA	NA	1	0.428571428571429
1542	JINHUO JIANG	NA	NA	0	NA
1543	JOEL TIMYAN	NA	male	0	NA
1544	JOHN KEMBLE	NA	male	0	NA
1545	KATHERINE WASELKOV	NA	female	1	0.333333333333333
1546	KENT PERKINS	NA	male	0	NA
1547	MERI HOLTZMEIER	NA	female	0	NA
1548	MICHAEL MORRIS	NA	male	0	NA
1549	MIMI LI	NA	female	0	NA
1550	PAUL COROGIN	NA	male	1	0
1551	REED BEAMAN	NA	male	0	NA
1552	STEPHEN YOUNG	NA	male	0	NA
1553	STEVEN MANCHESTER	NA	male	1	0.391304347826087
1554	TEODORO CLASE	NA	male	0	NA
1555	VERNON CHEADLE	NA	male	0	NA
1556	VIRGINIA SALZMAN	NA	female	0	NA
1557	WILLIAM STERN	NA	male	0	NA
1558	AMY MCCLAIN	NA	female	0	NA
1559	ANMING LU	NA	NA	0	NA
1560	BAOYIN GENG	NA	NA	0	NA
1561	BOGLRKA ERDEI	NA	NA	0	NA
1562	BRUCE TIFFNEY	NA	male	0	NA
1563	CARLOS JARAMILLO	NA	male	0	NA
1564	CESTMIR BUZEK	NA	NA	0	NA
1565	ESTMR BZEK	NA	NA	0	NA
1566	DYLAN BURGE	NA	male	1	0.25
1567	ELIZABETH HERMSEN	NA	female	1	0.533333333333333
1568	ELIZABETH OLEARY	NA	female	0	NA
1569	FABIANY HERRERA	NA	NA	0	NA
1570	FRIGEIR GRMSSON	NA	NA	0	NA
1571	GUO SHUANG-XING	NA	NA	0	NA
1572	HERBERT MEYER	NA	male	0	NA
1573	HUI JIA	NA	female	0	NA
1574	IJU CHEN	NA	NA	0	NA
1575	KATHLEEN PIGG	NA	female	0	NA
1576	KAZUHIKO UEMURA	NA	NA	0	NA
1577	LEO HICKEY	NA	male	0	NA
1578	LILLA HABLY	NA	female	0	NA
1579	MICHAEL ZAVADA	NA	male	0	NA
1580	NAREERAT BOONCHAI	NA	NA	0	NA
1581	REINHARD ZETTER	NA	male	0	NA
1582	RICHARD DILLHOFF	NA	male	0	NA
1583	RUTH STOCKEY	NA	female	1	0.315789473684211
1584	SARAH CORBETT	NA	female	0	NA
1585	TATYANA KODRUL	NA	female	0	NA
1586	YUNFA CHEN	NA	NA	0	NA
1587	ZHEKUN ZHOU	NA	NA	0	NA
1588	ZHI-DUAN CHEN	NA	NA	0	NA
1589	ZHIDUAN CHEN	NA	NA	0	NA
1590	ZLATKO KVACEK	NA	NA	0	NA
1591	ZLATKO KVAEK	NA	NA	0	NA
1592	ALAN FRANCK	NA	male	1	0
1593	ANDREW HENDERSON	NA	male	0	NA
1594	BRETT JESTROW	NA	male	0	NA
1595	CHARLIE HEATUBUN	NA	male	0	NA
1596	GABRIELA HALDER	NA	female	0	NA
1597	GLORIA GALEANO	NA	female	0	NA
1598	JEFFERY PRINCE	NA	male	0	NA
1599	JIMI SADLE	NA	male	0	NA
1600	JULISSA RONCAL	NA	female	0	NA
1601	KHIEM DOAN	NA	male	0	NA
1602	KRISTEN FINCH	NA	female	0	NA
1603	LINDA ABERBOM	NA	female	0	NA
1604	MAARTEN CHRISTENHUSZ	NA	male	0	NA
1605	MARTIN REITH	NA	male	0	NA
1606	ROBERT SCHWARTZ	NA	male	0	NA
1607	RODRIGO BERNAL	NA	male	0	NA
1608	RODRIGO VARGAS	NA	male	0	NA
1609	RON SCOGIN	NA	male	0	NA
1610	RONALD CARTER	NA	male	0	NA
1611	RONALD PURSELL	NA	male	0	NA
1612	SANDRA NAMOFF	NA	female	0	NA
1613	SCOTT ZONA	NA	male	1	0.2
1614	TERRENCE MARTIN	NA	male	0	NA
1615	WILLIAM BAKER	NA	male	1	0
1616	ALLEN YOUNG	NA	male	0	NA
1617	ANDREW OGRAM	NA	male	0	NA
1618	CALAWAY DODSON	NA	NA	0	NA
1619	FRANCO PUPULIN	NA	male	0	NA
1620	GERMN CARNEVALI	NA	NA	0	NA
1621	GNTER GERLACH	NA	NA	0	NA
1622	HAROLD HILLS	NA	male	1	0
1623	HECTOR CASTRO	NA	male	0	NA
1624	ISIDRO OJEDA	NA	male	0	NA
1625	JAMES ACKERMAN	NA	male	0	NA
1626	KAREN FRITZE	NA	female	0	NA
1627	KENNETH GLOVER	NA	male	0	NA
1628	MARK WHITTEN	NA	male	0	NA
1629	MARK WHITTEN	NA	NA	0	NA
1630	NORRIS WILLIAMS	NA	male	1	0.133333333333333
1631	ROBERT DRESSLER	NA	male	0	NA
1632	CHARLES GUNN	NA	male	0	NA
1633	CHARLIE WILLIAMS	NA	male	0	NA
1634	DAVID CLAYTON	NA	male	0	NA
1635	ELIANE NORMAN	NA	female	1	0.307692307692308
1636	GAO CHEN	NA	female	0	NA
1637	GERARD AYMONIN	NA	male	0	NA
1638	KATHLEEN RICE	NA	female	0	NA
1639	PATRICK PERRET	NA	male	0	NA
1640	RAMELLA LORENZO	NA	NA	0	NA
1641	RAYMOND MOORE	NA	male	0	NA
1642	STEVEN COCHRAN	NA	male	0	NA
1643	WALTER TAYLOR	NA	male	0	NA
1644	WEIBANG SUN	NA	NA	0	NA
1645	ABBY HIRD	NA	female	0	NA
1646	ABUNDIO SAGSTEGUI	NA	male	0	NA
1647	ALISON WALKER	NA	female	0	NA
1648	ANGELICA CIBRIAN-JARAMILLO	NA	female	0	NA
1649	ANNA TILEY	NA	female	0	NA
1650	BETTY MILLN	NA	female	0	NA
1651	BIJAN DEHGAN	NA	male	1	0.363636363636364
1652	BLANCA LEN	NA	female	0	NA
1653	CHARLES GUY	NA	male	0	NA
1654	CHRISTOPHER DUNN	NA	male	0	NA
1655	CUAUHTEMOC CERVANTES-MARTINEZ	NA	male	0	NA
1656	DANIEL AUSTIN	NA	male	0	NA
1657	DAPENG ZHANG	NA	NA	0	NA
1658	DAVID KNOWLES	NA	male	0	NA
1659	DAVID KUHN	NA	male	0	NA
1660	DAVID LEHMILLER	NA	male	0	NA
1661	DAYANA SALAS-LEIVA	NA	female	0	NA
1662	DEIRDRE SNIJMAN	NA	female	0	NA
1663	DENNIS DOUBEK	NA	male	0	NA
1664	ELENA KRAMER	NA	female	0	NA
1665	ELENA SCHNELL	NA	female	0	NA
1666	ENG-TI LOW	NA	NA	0	NA
1667	EUGENIO SANTIAGO-VALENTN	NA	male	0	NA
1668	FRANCIS KAHN	NA	male	0	NA
1669	FREDERICK MEYER	NA	male	0	NA
1670	GARRY GORDON	NA	male	0	NA
1671	GEORGE PETTIT	NA	male	0	NA
1672	GERALD SMITH	NA	male	0	NA
1673	GRAZYNA GROSZEK	NA	NA	0	NA
