BRAHMS,UNIQUEID,CATEGORY,SPECIMENS,ACCESSION,BARCODE,COLLECTOR,NUMBER,ADDCOLL,DUPS,DAY,MONTH,YEAR,COLLECTED,MONTHNAME,FAMCLASS,ORDER,FAMILY,TAXSTAT,SPECIES,DETBY,DETDAY,DETMONTH,DETYEAR,ORIGINSTAT,ORIGINID,CONTINENT,REGION,COUNTRY,MAJORAREA,MINORAREA,GAZETTEER,SAMPLEID,SAMPNAME,ABUN,COUNT,DBH,HT,CULTIVATED,PHENOCULT,LAT,NS,LONG,EW,LLUNIT,LLRES,LLORIG,LLDATUM,QDS,LATDEC,LONGDEC,DEGSQ,ALT,ALTMAX,GENUS,SP1,AUTHOR1,UNIQUE,FACODE,GECODE,SPNUMBER,CONUMBER,CELLNUM
15219,,V,2,15406,WAG.1898491,C.C.H. Jongkind,2072,D.K. Abbiw & C.M. Markwei,"MO,WAG",28,2,1995,28 February 1995,February,Magnoliopsida,Zingiberales,Zingiberaceae,acc,Costus aureus Maas & H.Maas,P.J.M. Maas; H. Maas-van de Kamer,0,0,2013,,,Africa,West Tropical Africa,Ghana,Western Region,,,0,,0,0,0,0,No,No,5.216667,N,-2.651667,W,,6,,,,5.216667,-2.651667,NW52,100,0,Costus,aureus,Maas & H.Maas,0,36,9766,419835,79,0
19878,,V,4,20123,WAG.1898518,W.J. van der Burg,587,,"MO,WAG",17,6,1975,17 June 1975,June,Magnoliopsida,Zingiberales,Zingiberaceae,acc,Costus aureus Maas & H.Maas,P.J.M. Maas; H. Maas-van de Kamer,0,0,2013,,,Africa,West Tropical Africa,Ivory Coast,Abidjan,,,0,,0,0,0,0,No,No,5.383333,N,-4.05,W,,4,,,,5.383333,-4.05,NW54,0,0,Costus,aureus,Maas & H.Maas,0,36,9766,419835,235,0
20938,,V,6,21189,WAG.1898521,W.J. van der Burg,673,,"BR,FR,MO,UCJ,WAG",25,7,1975,25 July 1975,July,Magnoliopsida,Zingiberales,Zingiberaceae,acc,Costus aureus Maas & H.Maas,P.J.M. Maas; H. Maas-van de Kamer,0,0,2013,,,Africa,West Tropical Africa,Ivory Coast,Abidjan,,,0,,0,0,0,0,No,No,5.383333,N,-4.05,W,,4,,,,5.383333,-4.05,NW54,0,0,Costus,aureus,Maas & H.Maas,0,36,9766,419835,235,0
21277,,V,1,21533,WAG.1898520,W.J. van der Burg,930,,WAG,4,9,1975,4 September 1975,September,Magnoliopsida,Zingiberales,Zingiberaceae,acc,Costus aureus Maas & H.Maas,P.J.M. Maas; H. Maas-van de Kamer,0,0,2013,,,Africa,West Tropical Africa,Ivory Coast,Tabou,,,0,,0,0,0,0,No,No,4.416667,N,-7.35,W,,3,,,,4.416667,-7.35,NW47,0,0,Costus,aureus,Maas & H.Maas,0,36,9766,419835,235,0
27175,,V,3,27618,WAG.1898513,H.J. Beentje,273,,"UCJ,WAG",14,5,1975,14 May 1975,May,Magnoliopsida,Zingiberales,Zingiberaceae,acc,Costus aureus Maas & H.Maas,P.J.M. Maas; H. Maas-van de Kamer,0,0,2013,,,Africa,West Tropical Africa,Ivory Coast,Abidjan,,,0,,0,0,0,0,No,No,5.416667,N,-4.05,W,,4,,,,5.416667,-4.05,NW54,50,0,Costus,aureus,Maas & H.Maas,0,36,9766,419835,235,0
28415,,V,3,28879,WAG.1898511,H.J. Beentje,447,,"AMD,UCJ,WAG",18,6,1975,18 June 1975,June,Magnoliopsida,Zingiberales,Zingiberaceae,acc,Costus aureus Maas & H.Maas,P.J.M. Maas; H. Maas-van de Kamer,0,0,2013,,,Africa,West Tropical Africa,Ivory Coast,Aboisso,,,0,,0,0,0,0,No,No,5.416667,N,-3.016667,W,,4,,,,5.416667,-3.016667,NW53,50,0,Costus,aureus,Maas & H.Maas,0,36,9766,419835,235,0
29846,,V,2,30382,WAG.1898516,H.J. Beentje,1112,,"UCJ,WAG",28,9,1975,28 September 1975,September,Magnoliopsida,Zingiberales,Zingiberaceae,acc,Costus aureus Maas & H.Maas,P.J.M. Maas; H. Maas-van de Kamer,0,0,2013,,,Africa,West Tropical Africa,Ivory Coast,Aboisso,,,0,,0,0,0,0,No,No,5.466667,N,-3.033333,W,,5,,,,5.466667,-3.033333,NW53,25,0,Costus,aureus,Maas & H.Maas,0,36,9766,419835,235,0
36252,,V,4,33412,WAG.1898502,J. de Koning,887,,"BR,E,MO,WAG",11,12,1972,11 December 1972,December,Magnoliopsida,Zingiberales,Zingiberaceae,acc,Costus aureus Maas & H.Maas,P.J.M. Maas; H. Maas-van de Kamer,0,0,2013,,,Africa,West Tropical Africa,Ivory Coast,Abidjan,,,0,,0,0,0,0,No,No,5.416667,N,-4.05,W,,4,,,,5.416667,-4.05,NW54,0,0,Costus,aureus,Maas & H.Maas,0,36,9766,419835,235,0
37185,,V,4,34382,WAG.1898501,J. de Koning,1859,,"BR,MO,WAG",9,7,1973,9 July 1973,July,Magnoliopsida,Zingiberales,Zingiberaceae,acc,Costus aureus Maas & H.Maas,P.J.M. Maas; H. Maas-van de Kamer,0,0,2013,,,Africa,West Tropical Africa,Ivory Coast,Abidjan,,,0,,0,0,0,0,No,No,5.416667,N,-4.066667,W,,5,,,,5.416667,-4.066667,NW54,0,0,Costus,aureus,Maas & H.Maas,0,36,9766,419835,235,0
37342,,V,3,34545,WAG.1898499,J. de Koning,2010,,"BR,MO,WAG",26,7,1973,26 July 1973,July,Magnoliopsida,Zingiberales,Zingiberaceae,acc,Costus aureus Maas & H.Maas,P.J.M. Maas; H. Maas-van de Kamer,0,0,2013,,,Africa,West Tropical Africa,Ivory Coast,Abidjan,,,0,,0,0,0,0,No,No,5.4,N,-4.05,W,,5,,,,5.4,-4.05,NW54,0,0,Costus,aureus,Maas & H.Maas,0,36,9766,419835,235,0
64816,,V,2,,WAG.1898495,A. de Gier,13,W. Goll,WAG,27,7,1977,27 July 1977,July,Magnoliopsida,Zingiberales,Zingiberaceae,acc,Costus aureus Maas & H.Maas,P.J.M. Maas; H. Maas-van de Kamer,0,0,2013,,,Africa,West Tropical Africa,Liberia,Sino,,,0,,0,0,0,1.5,No,No,5.1,N,-9.066667,W,,,,,,5.1,-9.066667,NW59,0,0,Costus,aureus,Maas & H.Maas,0,36,9766,419835,119,0
79987,,V,1,,WAG.1872372,A. de Rouw,236,,WAG,17,11,1986,17 November 1986,November,Magnoliopsida,Zingiberales,Zingiberaceae,acc,Costus aureus Maas & H.Maas,P.J.M. Maas; H. Maas-van de Kamer,0,0,2013,,,Africa,West Tropical Africa,Ivory Coast,Guiglo,,Goulako,0,,0,0,0,0,No,No,5.85,N,-7.416667,W,,5,,,,5.85,-7.416667,NW57,0,0,Costus,aureus,Maas & H.Maas,0,36,9766,419835,235,0
82957,,V,1,,WAG.1872377,F.S.C. Stoop - v.d. Kasteele,2,,WAG,5,5,1969,5 May 1969,May,Magnoliopsida,Zingiberales,Zingiberaceae,acc,Costus aureus Maas & H.Maas,P.J.M. Maas; H. Maas-van de Kamer,0,0,2013,,,Africa,West Tropical Africa,Liberia,Montserrado,,,0,,0,0,0,2.5,No,No,6.316667,N,-10.35,W,,3,,,,6.316667,-10.35,NW610,0,0,Costus,aureus,Maas & H.Maas,0,36,9766,419835,119,0
108456,,V,2,,WAG.1898529,C. Chatelain,962,H.G. Tr & G. Barriera,"CSRS,WAG",28,1,1992,28 January 1992,January,Magnoliopsida,Zingiberales,Zingiberaceae,acc,Costus aureus Maas & H.Maas,P.J.M. Maas; H. Maas-van de Kamer,0,0,2013,,,Africa,West Tropical Africa,Ivory Coast,Agboville,,,0,,0,0,0,0,No,No,5.733333,N,-4.1,W,,,,,,5.733333,-4.1,NW54,0,0,Costus,aureus,Maas & H.Maas,0,36,9766,419835,235,0
108460,,V,1,,,M. Knecht,450,,G,25,11,1978,25 November 1978,November,Magnoliopsida,Zingiberales,Zingiberaceae,acc,Costus aureus Maas & H.Maas,P.J.M. Maas; H. Maas-van de Kamer,0,0,2014,,,Africa,West Tropical Africa,Ivory Coast,Abidjan,,Banco Forest Reserve,0,,0,0,0,0,No,No,5.408333,N,-4.066667,W,,,,,,5.408333,-4.066667,NW54,0,0,Costus,aureus,Maas & H.Maas,0,36,9766,419835,235,0
108461,,V,1,,,M. Knecht,458,,G,28,11,1978,28 November 1978,November,Magnoliopsida,Zingiberales,Zingiberaceae,acc,Costus aureus Maas & H.Maas,P.J.M. Maas; H. Maas-van de Kamer,0,0,2014,,,Africa,West Tropical Africa,Ivory Coast,Abidjan,,Banco Forest Reserve,0,,0,0,0,0,No,No,5.408333,N,-4.066667,W,,,,,,5.408333,-4.066667,NW54,0,0,Costus,aureus,Maas & H.Maas,0,36,9766,419835,235,0
111692,,V,3,,WAG.1898509,A.P.M. de Kruif,305,,"UCJ,WAG,WAG",21,8,1979,21 August 1979,August,Magnoliopsida,Zingiberales,Zingiberaceae,acc,Costus aureus Maas & H.Maas,P.J.M. Maas; H. Maas-van de Kamer,0,0,2013,,,Africa,West Tropical Africa,Ivory Coast,Abidjan,,,0,,0,0,0,0,No,No,5.45,N,-4.216667,W,,4,,,,5.45,-4.216667,NW54,0,0,Costus,aureus,Maas & H.Maas,0,36,9766,419835,235,0
162759,,V,3,,WAG.1898490,C.C.H. Jongkind,5274,F. Blyden; staff & students of the University of Liberia,"BR,G,WAG",22,11,2002,22 November 2002,November,Magnoliopsida,Zingiberales,Zingiberaceae,acc,Costus aureus Maas & H.Maas,P.J.M. Maas; H. Maas-van de Kamer,0,0,2013,,,Africa,West Tropical Africa,Liberia,Sino,,,0,,0,0,0,0,No,No,5.3455,N,-8.800667,W,,6,,,,5.3455,-8.800667,NW58,115,0,Costus,aureus,Maas & H.Maas,0,36,9766,419835,119,0
183391,,V,2,,WAG.1872375,H.C.D. de Wit,7850,,WAG,25,12,1957,25 December 1957,December,Magnoliopsida,Zingiberales,Zingiberaceae,acc,Costus aureus Maas & H.Maas,P.J.M. Maas; H. Maas-van de Kamer,0,0,2013,,,Africa,West Tropical Africa,Ivory Coast,Abidjan,,Adiopodoum,0,,0,0,0,0,No,No,5.383333,N,-4.166667,W,DM,4,BRAHMS,,,5.383333,-4.166667,NW54,0,0,Costus,aureus,Maas & H.Maas,0,36,9766,419835,235,0
183392,,V,2,,WAG.1898514,L. Bernardi,8097,,"G,WAG",21,11,1962,21 November 1962,November,Magnoliopsida,Zingiberales,Zingiberaceae,acc,Costus aureus Maas & H.Maas,P.J.M. Maas; H. Maas-van de Kamer,0,0,2013,,,Africa,West Tropical Africa,Ivory Coast,Abidjan,,Banco Forest Reserve,0,,0,0,0,0,No,No,5.383333,N,-4.05,W,DM,4,BRAHMS,,,5.383333,-4.05,NW54,0,0,Costus,aureus,Maas & H.Maas,0,36,9766,419835,235,0
183393,,V,1,,WAG0194799,F.J. Breteler,5297,,WAG,25,7,1968,25 July 1968,July,Magnoliopsida,Zingiberales,Zingiberaceae,acc,Costus aureus Maas & H.Maas,P.J.M. Maas; H. Maas-van de Kamer,0,0,2013,,,Africa,West Tropical Africa,Ivory Coast,Aboisso,,Aboisso,0,,0,0,0,0,No,No,5.4,N,-3.133333,W,,,,,,5.4,-3.133333,NW53,0,0,Costus,aureus,Maas & H.Maas,0,36,9766,419835,235,0
183394,,V,2,,WAG.1872369,R.A.A. Oldeman,70,,WAG,28,6,1963,28 June 1963,June,Magnoliopsida,Zingiberales,Zingiberaceae,acc,Costus aureus Maas & H.Maas,P.J.M. Maas; H. Maas-van de Kamer,0,0,2013,,,Africa,West Tropical Africa,Ivory Coast,Abidjan,,Anyama,0,,0,0,0,0,No,No,5.45,N,-3.95,W,,4,,,,5.45,-3.95,NW53,0,0,Costus,aureus,Maas & H.Maas,0,36,9766,419835,235,0
183395,,V,4,,WAG.1898526,C. Geerling,1862,J. Bokdam,WAG,18,12,1967,18 December 1967,December,Magnoliopsida,Zingiberales,Zingiberaceae,acc,Costus aureus Maas & H.Maas,P.J.M. Maas; H. Maas-van de Kamer,0,0,2013,,,Africa,West Tropical Africa,Ivory Coast,Danan,,Danan,0,,0,0,0,0,No,No,7.416667,N,-8.283333,W,,4,,,,7.416667,-8.283333,NW78,0,0,Costus,aureus,Maas & H.Maas,0,36,9766,419835,235,0
183396,,V,1,,WAG.1872376,P.P.C. van Meer,349,,WAG,1,2,1966,1 February 1966,February,Magnoliopsida,Zingiberales,Zingiberaceae,acc,Costus aureus Maas & H.Maas,P.J.M. Maas; H. Maas-van de Kamer,0,0,2013,,,Africa,West Tropical Africa,Liberia,Montserrado,,Barclay Mount,0,,0,0,0,0,No,No,6.35,N,-10.65,W,,4,,,,6.35,-10.65,NW610,0,0,Costus,aureus,Maas & H.Maas,0,36,9766,419835,119,0
200046,,V,2,,WAG.1872379,P.P.C. van Meer,142,,"K,WAG",14,8,1965,14 August 1965,August,Magnoliopsida,Zingiberales,Zingiberaceae,acc,Costus aureus Maas & H.Maas,P.J.M. Maas; H. Maas-van de Kamer,0,0,2013,,,Africa,West Tropical Africa,Liberia,Montserrado,,,0,,0,0,0,0,No,No,6.533333,N,-10.733333,W,,4,,,,6.533333,-10.733333,NW610,0,0,Costus,aureus,Maas & H.Maas,0,36,9766,419835,119,0
201471,,V,7,,,G.P. Cooper,14,,"BM,F,GH,K,NY,P,US",1,11,1928,1 November 1928,November,Magnoliopsida,Zingiberales,Zingiberaceae,acc,Costus aureus Maas & H.Maas,P.J.M. Maas; H. Maas-van de Kamer,0,0,2014,,,Africa,West Tropical Africa,Liberia,Montserrado,,,0,,0,0,0,0,No,No,6.383333,N,-10.366667,W,,3,,,,6.383333,-10.366667,NW610,170,0,Costus,aureus,Maas & H.Maas,0,36,9766,419835,119,0
201473,,V,2,,WAG.1872378,D.H. Linder,264,,"K,WAG",0,8,1926,August 1926,August,Magnoliopsida,Zingiberales,Zingiberaceae,acc,Costus aureus Maas & H.Maas,P.J.M. Maas; H. Maas-van de Kamer,0,0,2013,,,Africa,West Tropical Africa,Liberia,Montserrado,,,0,,0,0,0,0,No,No,6.333333,N,-10.333333,W,DM,4,map,,,6.333333,-10.333333,NW610,0,0,Costus,aureus,Maas & H.Maas,0,36,9766,419835,119,0
201671,,V,2,,WAG.1898470,A.M. van Harten,127,,WAG,27,9,1963,27 September 1963,September,Magnoliopsida,Zingiberales,Zingiberaceae,acc,Costus aureus Maas & H.Maas,P.J.M. Maas; H. Maas-van de Kamer,0,0,2013,,,Africa,West Tropical Africa,Liberia,Montserrado,,,0,,0,0,0,0,No,No,6.4,N,-10.65,W,,4,,,,6.4,-10.65,NW610,0,0,Costus,aureus,Maas & H.Maas,0,36,9766,419835,119,0
219698,,V,2,,WAG.1898489,C.C.H. Jongkind,6379,D. Kwewon; J. Kpadeyeah; J. Konie; D.C. Morgan & A.K. Daniels,WAG,25,5,2005,25 May 2005,May,Magnoliopsida,Zingiberales,Zingiberaceae,acc,Costus aureus Maas & H.Maas,P.J.M. Maas; H. Maas-van de Kamer,0,0,2013,,,Africa,West Tropical Africa,Liberia,Grand Gedeh,,,0,,0,0,0,0,No,No,5.652333,N,-8.163,W,,7,,,,5.652333,-8.163,NW58,240,0,Costus,aureus,Maas & H.Maas,0,36,9766,419835,119,0
222973,,V,6,,WAG.1898508,A.J.M. Leeuwenberg,1874,,"BR,F,K,UC,WAG",3,11,1958,3 November 1958,November,Magnoliopsida,Zingiberales,Zingiberaceae,acc,Costus aureus Maas & H.Maas,P.J.M. Maas; H. Maas-van de Kamer,0,0,2013,,,Africa,West Tropical Africa,Ivory Coast,Abidjan,,,0,,0,0,0,3,No,No,5.383333,N,-4.133333,W,,3,,,,5.383333,-4.133333,NW54,40,0,Costus,aureus,Maas & H.Maas,0,36,9766,419835,235,0
241224,,V,2,,WAG.1872370,A.J.M. Leeuwenberg,10716,,WAG,14,12,1972,14 December 1972,December,Magnoliopsida,Zingiberales,Zingiberaceae,acc,Costus aureus Maas & H.Maas,P.J.M. Maas; H. Maas-van de Kamer,0,0,0,,,Africa,West Tropical Africa,Ivory Coast,Adzop,,,0,,0,0,0,2,No,No,6.1,N,-3.866667,W,DM,3,,,,6.1,-3.866667,NW63,100,0,Costus,aureus,Maas & H.Maas,0,36,9766,419835,235,0
356559,,V,1,,,P.J.M. Maas,9302,H. Maas-van de Kamer & C.D. Specht,U,7,11,2002,7 November 2002,November,Magnoliopsida,Zingiberales,Zingiberaceae,acc,Costus aureus Maas & H.Maas,P.J.M. Maas; H. Maas-van de Kamer,0,0,2013,,,Europe,Middle Europe,Netherlands,Gelderland,,Burgers Zoo,0,,0,0,0,2.5,Yes,No,51.01,N,5.9,E,DD,5,map,,,51.01,5.9,NE515,0,0,Costus,aureus,Maas & H.Maas,0,36,9766,419835,157,0
400967,,V,7,,,C.C. Berg,186,,"B,MO,NY,U",25,5,1972,25 May 1972,May,Magnoliopsida,Zingiberales,Zingiberaceae,acc,Costus aureus Maas & H.Maas,P.J.M. Maas; H. Maas-van de Kamer,0,0,2013,,,Africa,West Tropical Africa,Ivory Coast,Abidjan,,Abidjan,0,,0,0,0,2,No,No,5.483333,N,-4.15,W,DM,4,FUZZY,,,5.483333,-4.15,NW54,0,0,Costus,aureus,Maas & H.Maas,0,36,9766,419835,235,0
400972,,V,4,,,C.C. Berg,1460,"Wiebes, JT",U,21,11,1982,21 November 1982,November,Magnoliopsida,Zingiberales,Zingiberaceae,acc,Costus aureus Maas & H.Maas,P.J.M. Maas; H. Maas-van de Kamer,0,0,2013,,,Africa,West Tropical Africa,Ivory Coast,Guiglo,,Ta forest,0,,0,0,0,0,No,No,5.75,N,-7.083333,W,DM,4,BRAHMS,,,5.75,-7.083333,NW57,0,0,Costus,aureus,Maas & H.Maas,0,36,9766,419835,235,0
401080,,V,1,,,P.J.M. Maas,9275,H. Maas-van de Kamer,U,21,12,2001,21 December 2001,December,Magnoliopsida,Zingiberales,Zingiberaceae,acc,Costus aureus Maas & H.Maas,P.J.M. Maas; H. Maas-van de Kamer,0,0,2013,,,Europe,Middle Europe,Netherlands,Gelderland,,Burgers Zoo,0,,0,0,0,1,Yes,No,51.01,N,5.9,E,DD,5,map,,,51.01,5.9,NE515,0,0,Costus,aureus,Maas & H.Maas,0,36,9766,419835,157,0
970785,,V,1,,WAG.1872373,W.J.J.O. de Wilde,254,,WAG,16,6,1963,16 June 1963,June,Magnoliopsida,Zingiberales,Zingiberaceae,acc,Costus aureus Maas & H.Maas,P.J.M. Maas; H. Maas-van de Kamer,0,0,2013,,,Africa,West Tropical Africa,Ivory Coast,Sassandra,,,0,,0,0,0,2,No,No,5.5,N,-6.2,W,,,,,,5.5,-6.2,NW56,0,0,Costus,aureus,Maas & H.Maas,0,36,9766,419835,235,0
970788,,V,2,,WAG.1898524,C. Geerling,2352,J. Bokdam,WAG,30,3,1968,30 March 1968,March,Magnoliopsida,Zingiberales,Zingiberaceae,acc,Costus aureus Maas & H.Maas,P.J.M. Maas; H. Maas-van de Kamer,0,0,2013,,,Africa,West Tropical Africa,Ivory Coast,Sassandra,,,0,,0,0,0,3,No,No,5.266667,N,-5.966667,W,,,Sheet,,,5.266667,-5.966667,NW55,0,0,Costus,aureus,Maas & H.Maas,0,36,9766,419835,235,0
970791,,V,2,,WAG.1898492,P. Gruys,26,,WAG,24,5,1958,24 May 1958,May,Magnoliopsida,Zingiberales,Zingiberaceae,acc,Costus aureus Maas & H.Maas,P.J.M. Maas; H. Maas-van de Kamer,0,0,2013,,,Africa,West Tropical Africa,Ivory Coast,Abidjan,,Fort de l'Anguddou,0,,0,0,0,2,No,No,5.4,N,-4.166667,W,,3,,,,5.4,-4.166667,NW54,0,0,Costus,aureus,Maas & H.Maas,0,36,9766,419835,235,0
1186012,,V,2,,WAG.1898506,T.R. van Andel,5769,S. Mensah & B.J. Myren,"GC,WAG",21,7,2010,21 July 2010,July,Magnoliopsida,Zingiberales,Zingiberaceae,acc,Costus aureus Maas & H.Maas,P.J.M. Maas; H. Maas-van de Kamer,0,0,2013,,,Africa,West Tropical Africa,Ghana,Central Region,,Wassa Atobiase,0,,0,0,0,2,No,No,5.1795,N,-1.3095,W,DM,6,GPS,,,5.1795,-1.3095,NW51,70,0,Costus,aureus,Maas & H.Maas,0,36,9766,419835,79,0
1186108,,V,4,,WAG.1898505,T.R. van Andel,5865,,"GC,L,U,WAG",30,7,2010,30 July 2010,July,Magnoliopsida,Zingiberales,Zingiberaceae,acc,Costus aureus Maas & H.Maas,P.J.M. Maas; H. Maas-van de Kamer,0,0,2015,,,Africa,West Tropical Africa,Ghana,Western Region,,Ankasa River Forest Reserve,0,,0,0,0,2,No,No,5.224333,N,-2.650667,W,DM,6,GPS,,,5.224333,-2.650667,NW52,60,0,Costus,aureus,Maas & H.Maas,0,36,9766,419835,79,0
1404429,,V,2,,WAG.1898464,C.C.H. Jongkind,12192,L.-A. de Wet & G. Sambolah,WAG,29,9,2013,29 September 2013,September,Magnoliopsida,Zingiberales,Zingiberaceae,acc,Costus aureus Maas & H.Maas,P.J.M. Maas; H. Maas-van de Kamer,0,0,2013,,,Africa,West Tropical Africa,Liberia,Grand Gedeh,,,0,,0,0,0,1.7,No,No,5.671333,N,-8.167,W,,7,,,,5.671333,-8.167,NW58,628,0,Costus,aureus,Maas & H.Maas,0,36,9766,419835,119,0
3800260,,V,1,,WAG.1872371,M.T. Thijssen,21,,WAG,16,5,1969,16 May 1969,May,Magnoliopsida,Zingiberales,Zingiberaceae,acc,Costus aureus Maas & H.Maas,P.J.M. Maas; H. Maas-van de Kamer,0,0,2013,,,Africa,West Tropical Africa,Ivory Coast,Adzop,,Aouabo,0,,0,0,0,0,No,No,6.25,N,-3.8,W,DM,4,FUZZY,,,6.25,-3.8,NW63,0,0,Costus,aureus,Maas & H.Maas,0,36,9766,419835,235,0
3800261,,V,3,,WAG.1872380,H.H. Schmidt,3410,"B.C. Stone; Amponsah, J & Chintoh, M","K,MO,WAG",13,2,1999,13 February 1999,February,Magnoliopsida,Zingiberales,Zingiberaceae,acc,Costus aureus Maas & H.Maas,P.J.M. Maas; H. Maas-van de Kamer,0,0,2013,,,Africa,West Tropical Africa,Ghana,Western Region,,,0,,0,0,0,0,No,No,5.218333,N,-2.651667,W,DMS,6,sheet,,,5.218333,-2.651667,NW52,150,230,Costus,aureus,Maas & H.Maas,0,36,9766,419835,79,0
4042568,,V,0,,,L. Ak Assi,7273,,K,8,1,1964,8 January 1964,January,Magnoliopsida,Zingiberales,Zingiberaceae,acc,Costus aureus Maas & H.Maas,P.J.M. Maas; H. Maas-van de Kamer,0,0,2014,,,Africa,West Tropical Africa,Ivory Coast,Abidjan,,Banco Forest Reserve,0,,0,0,0,0,No,No,5.416667,N,-4.05,W,DM,,,,,5.416667,-4.05,NW54,0,0,Costus,aureus,Maas & H.Maas,0,36,9766,419835,235,0
4042576,,V,0,,,L. Ak Assi,17212,,"G,MO",29,12,1985,29 December 1985,December,Magnoliopsida,Zingiberales,Zingiberaceae,acc,Costus aureus Maas & H.Maas,P.J.M. Maas; H. Maas-van de Kamer,0,0,2014,,,Africa,West Tropical Africa,Ivory Coast,Guiglo,,,0,,0,0,0,0,No,No,5.666667,N,-7.383333,W,DM,,,,,5.666667,-7.383333,NW57,0,0,Costus,aureus,Maas & H.Maas,0,36,9766,419835,235,0
4042583,,V,0,,,J.E. Andoh,5241,,K,1,9,1984,1 September 1984,September,Magnoliopsida,Zingiberales,Zingiberaceae,acc,Costus aureus Maas & H.Maas,P.J.M. Maas; H. Maas-van de Kamer,0,0,2014,,,Africa,West Tropical Africa,Ghana,Ashanti Region,,,0,,0,0,0,0,No,No,6.116667,N,-1.466667,W,DM,,,,,6.116667,-1.466667,NW61,0,0,Costus,aureus,Maas & H.Maas,0,36,9766,419835,79,0
4042616,,V,0,,,J.T. Baldwin jr.,6126,,K,24,6,1947,24 June 1947,June,Magnoliopsida,Zingiberales,Zingiberaceae,acc,Costus aureus Maas & H.Maas,P.J.M. Maas; H. Maas-van de Kamer,0,0,2014,,,Africa,West Tropical Africa,Liberia,Maryland,,,0,,0,0,0,0,No,No,4.85,N,-7.6,W,DM,,,,,4.85,-7.6,NW47,0,0,Costus,aureus,Maas & H.Maas,0,36,9766,419835,119,0
4042625,,V,0,,,P.R.J. Bamps,1803,,BR,9,1,1969,9 January 1969,January,Magnoliopsida,Zingiberales,Zingiberaceae,acc,Costus aureus Maas & H.Maas,P.J.M. Maas; H. Maas-van de Kamer,0,0,2014,,,Africa,West Tropical Africa,Ivory Coast,Abidjan,,"Anguededou, Foret de l'",0,,0,0,0,0,No,No,5.4,N,-4.15,W,DM,,,,,5.4,-4.15,NW54,0,0,Costus,aureus,Maas & H.Maas,0,36,9766,419835,235,0
4042742,,V,0,,,J. Csar,1716,Samson,P,27,3,1982,27 March 1982,March,Magnoliopsida,Zingiberales,Zingiberaceae,acc,Costus aureus Maas & H.Maas,P.J.M. Maas; H. Maas-van de Kamer,0,0,2014,,,Africa,West Tropical Africa,Ivory Coast,Danan,,,0,,0,0,0,0,No,No,7.483333,N,-8.4,W,DM,,,,,7.483333,-8.4,NW78,0,0,Costus,aureus,Maas & H.Maas,0,36,9766,419835,235,0
4042798,,V,0,,,A.J.B. Chevalier,16951,,P,22,1,1907,22 January 1907,January,Magnoliopsida,Zingiberales,Zingiberaceae,acc,Costus aureus Maas & H.Maas,P.J.M. Maas; H. Maas-van de Kamer,0,0,2014,,,Africa,West Tropical Africa,Ivory Coast,Agboville,,,0,,0,0,0,0,No,No,5.883333,N,-4.183333,W,DM,4,BRAHM,,,5.883333,-4.183333,NW54,0,0,Costus,aureus,Maas & H.Maas,0,36,9766,419835,235,0
4042799,,V,0,,,A.J.B. Chevalier,17125,,P,31,1,1907,31 January 1907,January,Magnoliopsida,Zingiberales,Zingiberaceae,acc,Costus aureus Maas & H.Maas,P.J.M. Maas; H. Maas-van de Kamer,0,0,2014,,,Africa,West Tropical Africa,Ivory Coast,Abidjan,,,0,,0,0,0,0,No,No,5.55,N,-4.266667,W,DM,,,,,5.55,-4.266667,NW54,0,0,Costus,aureus,Maas & H.Maas,0,36,9766,419835,235,0
4042802,,V,0,,,A.J.B. Chevalier,17454,,"LY,P",25,2,1903,25 February 1903,February,Magnoliopsida,Zingiberales,Zingiberaceae,acc,Costus aureus Maas & H.Maas,P.J.M. Maas; H. Maas-van de Kamer,0,0,2014,,,Africa,West Tropical Africa,Ivory Coast,Abidjan,,Alp,0,,0,0,0,0,No,No,5.5,N,-3.65,W,DM,,,,,5.5,-3.65,NW53,0,0,Costus,aureus,Maas & H.Maas,0,36,9766,419835,235,0
4042865,,V,0,,,K. Obeng-Darko,545,,K,24,3,1950,24 March 1950,March,Magnoliopsida,Zingiberales,Zingiberaceae,acc,Costus aureus Maas & H.Maas,P.J.M. Maas; H. Maas-van de Kamer,0,0,2014,,,Africa,West Tropical Africa,Ghana,Ashanti Region,,,0,,0,0,0,0,No,No,6.1,N,-1.45,W,DM,,,,,6.1,-1.45,NW61,0,0,Costus,aureus,Maas & H.Maas,0,36,9766,419835,79,0
4042998,,V,0,,,C. Farron,s.n.,,G,9,10,1957,9 October 1957,October,Magnoliopsida,Zingiberales,Zingiberaceae,acc,Costus aureus Maas & H.Maas,P.J.M. Maas; H. Maas-van de Kamer,0,0,2014,,,Africa,West Tropical Africa,Ivory Coast,Agboville,,Yapo forest,0,,0,0,0,0,No,No,5.716667,N,-4.116667,W,DM,,,,,5.716667,-4.116667,NW54,0,0,Costus,aureus,Maas & H.Maas,0,36,9766,419835,235,0
4043125,,V,3,,,J.B. Hall,47210,,"K,UC,WAG",14,1,1980,14 January 1980,January,Magnoliopsida,Zingiberales,Zingiberaceae,acc,Costus aureus Maas & H.Maas,P.J.M. Maas; H. Maas-van de Kamer,0,5,2016,,,Africa,West Tropical Africa,Ghana,Western Region,,Ankasa River Forest Reserve,0,,0,0,0,0,No,No,5.216667,N,-2.65,W,DM,,,,,5.216667,-2.65,NW52,0,0,Costus,aureus,Maas & H.Maas,0,36,9766,419835,79,0
4043135,,V,0,,,D.K. Harder,3435,et al.,"K,MO",14,7,1995,14 July 1995,July,Magnoliopsida,Zingiberales,Zingiberaceae,acc,Costus aureus Maas & H.Maas,P.J.M. Maas; H. Maas-van de Kamer,0,0,2014,,,Africa,West Tropical Africa,Ghana,Western Region,,,0,,0,0,0,0,No,No,5.266667,N,-2.766667,W,DM,,,,,5.266667,-2.766667,NW52,80,0,Costus,aureus,Maas & H.Maas,0,36,9766,419835,79,0
4043161,,V,0,,,F.N. Hepper,8120,J. Maley,K,7,2,1984,7 February 1984,February,Magnoliopsida,Zingiberales,Zingiberaceae,acc,Costus aureus Maas & H.Maas,P.J.M. Maas; H. Maas-van de Kamer,0,0,2014,,,Africa,West Tropical Africa,Ivory Coast,Guiglo,,,0,,0,0,0,0,No,No,5.816667,N,-7.383333,W,DM,4,FUZZY,,,5.816667,-7.383333,NW57,160,0,Costus,aureus,Maas & H.Maas,0,36,9766,419835,235,0
4043205,,V,0,,,J. Jangoux,255,,BR,4,8,1962,4 August 1962,August,Magnoliopsida,Zingiberales,Zingiberaceae,acc,Costus aureus Maas & H.Maas,P.J.M. Maas; H. Maas-van de Kamer,0,0,2014,,,Africa,West Tropical Africa,Ivory Coast,Guiglo,,,0,,0,0,0,0,No,No,6.116667,N,-7.483333,W,DM,,,,,6.116667,-7.483333,NW67,0,0,Costus,aureus,Maas & H.Maas,0,36,9766,419835,235,0
4043452,,V,0,,,R. Maire,s.n.,,P,24,7,1944,24 July 1944,July,Magnoliopsida,Zingiberales,Zingiberaceae,acc,Costus aureus Maas & H.Maas,P.J.M. Maas; H. Maas-van de Kamer,0,0,2014,,,Africa,West Tropical Africa,Ivory Coast,Abidjan,,Banco Forest Reserve,0,,0,0,0,0,No,No,5.416667,N,-4.05,W,DM,,,,,5.416667,-4.05,NW54,0,0,Costus,aureus,Maas & H.Maas,0,36,9766,419835,235,0
4043541,,V,0,,,J.K. Morton,9675,,K,8,12,1953,8 December 1953,December,Magnoliopsida,Zingiberales,Zingiberaceae,acc,Costus aureus Maas & H.Maas,P.J.M. Maas; H. Maas-van de Kamer,0,0,2014,,,Africa,West Tropical Africa,Ghana,Ashanti Region,,,0,,0,0,0,0,No,No,7.066667,N,-1.383333,W,DM,,,,,7.066667,-1.383333,NW71,0,0,Costus,aureus,Maas & H.Maas,0,36,9766,419835,79,0
4043599,,V,1,,,L.P.G.A. Nusbaumer,693,"Kouam, D",G,2,9,2001,2 September 2001,September,Magnoliopsida,Zingiberales,Zingiberaceae,acc,Costus aureus Maas & H.Maas,P.J.M. Maas; H. Maas-van de Kamer,0,0,2014,,,Africa,West Tropical Africa,Ivory Coast,Man,,,0,,0,0,0,0,No,No,6.833333,N,-7.7,W,DM,4,BRAHMS,,,6.833333,-7.7,NW67,0,0,Costus,aureus,Maas & H.Maas,0,36,9766,419835,235,0
4043660,,V,0,,,R. Portres,1351,,P,0,0,0,,,Magnoliopsida,Zingiberales,Zingiberaceae,acc,Costus aureus Maas & H.Maas,P.J.M. Maas; H. Maas-van de Kamer,0,0,2014,,,Africa,West Tropical Africa,Ivory Coast,Abidjan,,Bingerville,0,,0,0,0,0,No,No,5.35,N,-3.883333,W,DM,4,map,,,5.35,-3.883333,NW53,0,0,Costus,aureus,Maas & H.Maas,0,36,9766,419835,235,0
4043661,,V,0,,,R. Portres,2187,,P,2,8,1937,2 August 1937,August,Magnoliopsida,Zingiberales,Zingiberaceae,acc,Costus aureus Maas & H.Maas,P.J.M. Maas; H. Maas-van de Kamer,0,0,2014,,,Africa,West Tropical Africa,Ivory Coast,Abidjan,,Bingerville,0,,0,0,0,0,No,No,5.35,N,-3.883333,W,DM,4,map,,,5.35,-3.883333,NW53,0,0,Costus,aureus,Maas & H.Maas,0,36,9766,419835,235,0
4043662,,V,0,,,R. Portres,s.n.,,P,22,5,1949,22 May 1949,May,Magnoliopsida,Zingiberales,Zingiberaceae,acc,Costus aureus Maas & H.Maas,P.J.M. Maas; H. Maas-van de Kamer,0,0,2014,,,Africa,West Tropical Africa,Ivory Coast,Abidjan,,Bingerville,0,,0,0,0,0,No,No,5.366667,N,-3.85,W,DM,4,GOOGL,,,5.366667,-3.85,NW53,0,0,Costus,aureus,Maas & H.Maas,0,36,9766,419835,235,0
4043844,,V,0,,,A. Sourakov,s.n.,,MO,17,8,1996,17 August 1996,August,Magnoliopsida,Zingiberales,Zingiberaceae,acc,Costus aureus Maas & H.Maas,P.J.M. Maas; H. Maas-van de Kamer,0,0,2014,,,Africa,West Tropical Africa,Ghana,Western Region,,Ankasa National Park,0,,0,0,0,0,No,No,5.2,N,-2.65,W,DM,,,,,5.2,-2.65,NW52,0,0,Costus,aureus,Maas & H.Maas,0,36,9766,419835,79,0
4472561,,V,1,,,C.C.H. Jongkind,12849,G. Sambolah,BR,29,1,2016,29 January 2016,January,Magnoliopsida,Zingiberales,Zingiberaceae,acc,Costus aureus Maas & H.Maas,C.C.H. Jongkind,0,1,2016,,,Africa,West Tropical Africa,Liberia,Sino,,,0,,0,0,0,2,No,No,5.357833,N,-8.810833,W,,7,GPS,,,5.357833,-8.810833,NW58,0,0,Costus,aureus,Maas & H.Maas,0,36,9766,419835,119,0
